Team,Age,PW,PL,ORtg,DRtg,Pace,FTr,3PAr,TS%,eFG%,TOV%,ORB%,FT/FGA,eFG%.1,TOV%.1,DRB%,FT/FGA.1,Year,Playoffs
Atlanta Hawks,27.2,31,51,102.3,106.1,91,0.313,0.177,0.527,0.476,15.7,27.9,0.248,0.469,12.1,70.4,0.222,2003,0
Boston Celtics*,26.9,40,42,101.2,101.6,90.9,0.306,0.331,0.514,0.47,13.4,23.6,0.227,0.471,15.1,72.5,0.242,2003,1
Chicago Bulls,25.2,27,55,100.2,105.6,93.5,0.3,0.148,0.512,0.471,15.4,27.7,0.217,0.47,13.3,69.5,0.263,2003,0
Cleveland Cavaliers,23.5,16,66,96.5,106.7,94,0.298,0.133,0.491,0.444,16.4,31,0.223,0.484,13,73.2,0.252,2003,0
Dallas Mavericks*,28.1,62,20,110.7,102.3,92.5,0.257,0.239,0.543,0.498,10.9,25.4,0.213,0.473,14.8,70.9,0.221,2003,1
Denver Nuggets,24.1,17,65,92.2,101.3,91,0.283,0.126,0.469,0.428,17.1,31.3,0.198,0.477,16.5,73.3,0.29,2003,0
Detroit Pistons*,29,52,30,104.1,99.9,86.8,0.322,0.237,0.523,0.473,13.3,25.9,0.248,0.461,13.9,74,0.225,2003,1
Golden State Warriors,24.4,38,44,108.3,109.5,94.2,0.343,0.178,0.526,0.472,13.9,35,0.267,0.482,12.2,67.9,0.22,2003,0
Houston Rockets,25.9,46,36,104.3,102.6,88.8,0.316,0.196,0.522,0.474,14.8,30.3,0.243,0.462,12.6,72.4,0.209,2003,0
Indiana Pacers*,25.9,51,31,104.6,100.8,91.6,0.344,0.169,0.522,0.469,13.7,29,0.263,0.458,14.3,72.3,0.228,2003,1
Los Angeles Clippers,25.3,29,53,102.3,106.8,91.3,0.335,0.182,0.516,0.467,14.8,29.1,0.252,0.481,13.1,70.2,0.222,2003,0
Los Angeles Lakers*,28.1,48,34,107.2,104.7,92.5,0.311,0.199,0.528,0.486,13.3,30.2,0.228,0.477,13.4,72.7,0.241,2003,1
Memphis Grizzlies,24.9,32,50,103.9,107.3,92.7,0.287,0.19,0.526,0.487,14.2,27,0.212,0.491,13.4,68.7,0.197,2003,0
Miami Heat,26.5,25,57,96.7,102.4,87.8,0.259,0.169,0.483,0.439,13.8,26.8,0.198,0.47,14.1,73.9,0.257,2003,0
Milwaukee Bucks*,29.3,42,40,108.8,108.6,90.4,0.287,0.229,0.543,0.5,12.2,25.6,0.222,0.494,13.5,69.9,0.237,2003,1
Minnesota Timberwolves*,28.2,47,35,106.1,103.8,91.9,0.268,0.118,0.528,0.488,12.9,28.2,0.206,0.472,12.7,72.9,0.203,2003,1
New Jersey Nets*,27.3,56,26,103.8,98.1,91.6,0.333,0.158,0.518,0.468,13.8,28.7,0.252,0.46,15.7,73.1,0.225,2003,1
New Orleans Hornets*,29.1,47,35,103.9,101.6,89.4,0.285,0.161,0.511,0.465,13.9,31.7,0.219,0.464,14,73.1,0.226,2003,1
New York Knicks,30.2,37,45,104.7,106.2,90.7,0.241,0.235,0.528,0.486,13.4,24.4,0.196,0.485,13.7,71.8,0.261,2003,0
Orlando Magic*,26.9,41,41,105.2,105,93.1,0.307,0.235,0.526,0.478,13.3,27,0.239,0.486,15.1,71.1,0.25,2003,1
Philadelphia 76ers*,28.3,48,34,105,102.5,91.4,0.339,0.119,0.52,0.466,13.7,30.3,0.263,0.488,16.2,72.7,0.243,2003,1
Phoenix Suns*,25.2,44,38,103.7,102.5,91.5,0.285,0.17,0.514,0.473,13.7,29.7,0.211,0.47,14.8,70.3,0.222,2003,1
Portland Trail Blazers*,29.2,49,33,105.5,102.6,89.4,0.3,0.177,0.531,0.489,14.5,30.2,0.223,0.483,14.9,72.3,0.194,2003,1
Sacramento Kings*,28.3,59,23,105.9,99.1,95.4,0.262,0.184,0.535,0.499,13.3,25.6,0.196,0.446,13.6,70.6,0.204,2003,1
San Antonio Spurs*,28.4,57,25,105.6,99.7,90,0.348,0.202,0.541,0.497,15.1,28.8,0.253,0.453,14.2,71.3,0.199,2003,1
Seattle SuperSonics,26.9,41,41,103.7,103.9,88,0.27,0.196,0.512,0.472,12.8,28.1,0.201,0.484,14.3,71.8,0.21,2003,0
Toronto Raptors,27.6,24,58,100.5,107,89.9,0.282,0.179,0.497,0.458,13.6,28.2,0.203,0.489,13.1,70.7,0.226,2003,0
Utah Jazz*,30.9,48,34,105.5,102.8,89.3,0.38,0.104,0.537,0.486,16,32.5,0.283,0.468,15.2,70.2,0.256,2003,1
Washington Wizards,28.4,38,44,103,104.1,88.2,0.325,0.127,0.513,0.46,13,27.3,0.253,0.477,13.8,71.6,0.212,2003,0
Atlanta Hawks,26.2,28,54,101,106.1,90.8,0.303,0.191,0.514,0.465,15.4,28.6,0.235,0.476,13.1,70.5,0.234,2004,0
Boston Celtics*,26.4,37,45,102.1,103.7,93.2,0.327,0.249,0.532,0.486,15.4,25.2,0.245,0.479,15.7,69.5,0.24,2004,1
Chicago Bulls,26.8,23,59,96.6,103.4,92.2,0.272,0.186,0.486,0.446,14.9,28.1,0.197,0.469,14.1,71.4,0.253,2004,0
Cleveland Cavaliers,24.9,33,49,101.4,104.2,90.8,0.301,0.116,0.498,0.451,13.7,31.1,0.226,0.469,12.3,73,0.221,2004,0
Dallas Mavericks*,27.4,53,29,112.1,107.4,93.2,0.256,0.201,0.536,0.495,11.1,31.4,0.204,0.498,13.9,71.6,0.214,2004,1
Denver Nuggets*,25.6,44,38,103.9,102.7,93.3,0.319,0.146,0.517,0.467,14.2,30.5,0.245,0.481,15.6,69.3,0.221,2004,1
Detroit Pistons*,27.4,59,23,102,95.4,87.9,0.328,0.153,0.511,0.461,14.7,30.1,0.247,0.441,15.5,71.8,0.202,2004,1
Golden State Warriors,28.1,39,43,103,103.8,89.8,0.311,0.197,0.517,0.475,14.1,28.4,0.226,0.476,13.3,72.1,0.211,2004,0
Houston Rockets*,28.3,47,35,100.9,99,87.8,0.286,0.227,0.528,0.484,16.4,26.5,0.221,0.447,13.1,74.5,0.233,2004,1
Indiana Pacers*,27.1,58,24,103.8,97.2,87.5,0.319,0.203,0.52,0.471,14.1,28.5,0.243,0.459,15.7,73.9,0.218,2004,1
Los Angeles Clippers,24.3,28,54,103.5,108.5,91,0.35,0.156,0.512,0.453,15,32.8,0.275,0.494,12.9,70,0.231,2004,0
Los Angeles Lakers*,29.8,52,30,105.5,101.3,92.3,0.352,0.167,0.522,0.481,12.8,28.1,0.244,0.471,14.3,73.3,0.222,2004,1
Memphis Grizzlies*,26,48,34,104.8,102.2,91.4,0.322,0.197,0.522,0.479,13.9,29.5,0.234,0.465,15.7,68.4,0.251,2004,1
Miami Heat*,26.4,43,39,102.2,101.7,88,0.298,0.211,0.51,0.463,13.5,27.4,0.227,0.463,14.5,73.4,0.26,2004,1
Milwaukee Bucks*,26.5,44,38,106.5,105.4,91.6,0.33,0.172,0.528,0.477,12.7,27.6,0.255,0.485,13.3,71.8,0.213,2004,1
Minnesota Timberwolves*,29.7,57,25,105.9,99.7,89,0.265,0.137,0.528,0.486,12.4,26.7,0.207,0.444,12.9,72.5,0.215,2004,1
New Jersey Nets*,27.7,49,33,100.8,98,89.4,0.291,0.176,0.515,0.471,14.4,25.9,0.219,0.46,15.7,73.9,0.221,2004,1
New Orleans Hornets*,30.3,41,41,102.3,102.4,89.1,0.293,0.252,0.505,0.46,14.1,30.6,0.22,0.476,15,71.3,0.218,2004,1
New York Knicks*,29.6,36,46,101.7,103.3,89.5,0.266,0.171,0.518,0.474,15.1,28,0.211,0.461,13.2,72.8,0.259,2004,1
Orlando Magic,25.8,22,60,102.7,110.4,90.8,0.296,0.184,0.504,0.461,12.8,28.1,0.218,0.502,12.7,68.7,0.214,2004,0
Philadelphia 76ers,27.5,33,49,99.1,101.9,88,0.321,0.158,0.505,0.456,15.5,28.2,0.242,0.467,14.7,70.7,0.231,2004,0
Phoenix Suns,24.4,30,52,101.4,105.5,92.6,0.28,0.18,0.515,0.475,14.3,26.6,0.209,0.482,14.7,69.9,0.24,2004,0
Portland Trail Blazers,27.6,37,45,103.7,105.1,86.2,0.267,0.17,0.515,0.478,14.4,31.2,0.195,0.482,13.3,70,0.186,2004,0
Sacramento Kings*,29.3,55,27,110.3,104.9,92.8,0.305,0.223,0.554,0.507,13,26,0.242,0.483,13.7,69.8,0.193,2004,1
San Antonio Spurs*,27.3,62,20,102.2,94.1,89.2,0.322,0.177,0.511,0.473,14.1,29.5,0.219,0.433,14.8,74.6,0.215,2004,1
Seattle SuperSonics,26,39,43,107.3,108,89.9,0.27,0.294,0.54,0.501,13.9,27.2,0.207,0.487,13.9,68.5,0.237,2004,0
Toronto Raptors,27.6,31,51,97,100.4,86.8,0.26,0.204,0.495,0.454,14.1,23.8,0.195,0.449,14.1,70.1,0.241,2004,0
Utah Jazz,24.9,37,45,101.9,103.3,86.6,0.356,0.127,0.509,0.456,16.1,34.1,0.266,0.468,15.4,72.4,0.319,2004,0
Washington Wizards,24.4,25,57,98.8,104.8,92.2,0.337,0.194,0.5,0.454,16,30.7,0.241,0.486,14.9,69.5,0.214,2004,0
Atlanta Hawks,26,16,66,100.6,111.1,91.4,0.299,0.146,0.504,0.464,14.9,30.7,0.212,0.513,14,72.1,0.289,2005,0
Boston Celtics*,27.1,43,39,107.5,106.6,93.3,0.357,0.192,0.551,0.501,14.7,27.2,0.273,0.481,14.2,70.1,0.274,2005,1
Charlotte Bobcats,24.9,24,58,101.1,107.5,92.3,0.306,0.128,0.497,0.455,13.3,29.5,0.217,0.497,14.7,70.9,0.269,2005,0
Chicago Bulls*,25,44,38,101.4,100.3,92.4,0.311,0.217,0.517,0.471,15.5,28.4,0.233,0.454,14.4,72.6,0.262,2005,1
Cleveland Cavaliers,26.5,43,39,106.6,105.7,89.7,0.325,0.135,0.518,0.47,13,32.5,0.244,0.485,14.1,71.5,0.248,2005,0
Dallas Mavericks*,27.7,57,25,110.3,104.1,92.7,0.346,0.19,0.545,0.492,12.5,28.6,0.273,0.472,14.3,70.2,0.239,2005,1
Denver Nuggets*,26.7,47,35,106,103.9,93.5,0.35,0.142,0.535,0.483,13.8,28.4,0.267,0.482,15.1,71.7,0.247,2005,1
Detroit Pistons*,27.9,53,29,105.6,101.2,87.2,0.335,0.164,0.519,0.472,13.3,31.2,0.247,0.461,13.5,73,0.207,2005,1
Golden State Warriors,26.7,35,47,104.7,106.9,93.3,0.278,0.252,0.512,0.475,12.3,27.8,0.201,0.491,13.9,69.7,0.227,2005,0
Houston Rockets*,29.7,53,29,106.2,101.7,88.8,0.309,0.237,0.534,0.486,13.5,26.3,0.242,0.459,12.9,74.5,0.245,2005,1
Indiana Pacers*,28.3,43,39,105.5,104.6,87.2,0.358,0.255,0.534,0.476,14.1,26.4,0.283,0.472,13.6,71.3,0.261,2005,1
Los Angeles Clippers,25.5,39,43,105.5,106.4,89.1,0.357,0.105,0.533,0.477,14.9,30.3,0.278,0.48,13,71.3,0.235,2005,0
Los Angeles Lakers,26,33,49,108.1,111.4,90.8,0.322,0.273,0.535,0.485,13.4,29.5,0.251,0.493,11,71.1,0.218,2005,0
Memphis Grizzlies*,26.3,48,34,105.5,102.9,88.5,0.323,0.237,0.535,0.489,14.3,27.1,0.243,0.466,15.4,69.9,0.27,2005,1
Miami Heat*,28,59,23,110.2,103.1,90.8,0.387,0.198,0.559,0.524,13.1,27,0.26,0.46,12.4,74.1,0.242,2005,1
Milwaukee Bucks,26.9,32,50,106.6,109.8,90.8,0.339,0.141,0.527,0.475,13,29,0.261,0.499,12.4,72,0.233,2005,0
Minnesota Timberwolves,29,45,37,108.2,106.6,89.1,0.275,0.173,0.534,0.489,12.7,28.6,0.219,0.472,11.2,71.4,0.208,2005,0
New Jersey Nets*,27.8,36,46,101.4,103.1,89.1,0.318,0.187,0.512,0.463,13.7,25.5,0.242,0.479,15.2,73.2,0.278,2005,1
New Orleans Hornets,27.5,21,61,99.7,107.7,87.6,0.279,0.201,0.493,0.446,14.2,29.1,0.214,0.491,13.9,70.7,0.261,2005,0
New York Knicks,27.3,34,48,106.2,108.9,90.7,0.312,0.188,0.531,0.485,13.8,28.3,0.239,0.501,13.8,71.2,0.265,2005,0
Orlando Magic,26.5,35,47,104.9,107.3,94.7,0.35,0.137,0.529,0.478,14.6,29.9,0.265,0.484,13.2,71.3,0.255,2005,0
Philadelphia 76ers*,26.4,39,43,103.5,104.3,94.9,0.326,0.216,0.528,0.475,14.2,25.4,0.257,0.485,15.4,72.7,0.267,2005,1
Phoenix Suns*,25.2,59,23,114.5,107.1,95.9,0.296,0.289,0.571,0.534,12.4,27.5,0.222,0.478,12,68.3,0.176,2005,1
Portland Trail Blazers,27,29,53,103.2,107.7,89.8,0.303,0.181,0.524,0.484,15.2,29.6,0.219,0.479,12.6,67.7,0.204,2005,0
Sacramento Kings*,27.7,47,35,110.5,108.2,93,0.287,0.2,0.541,0.496,12,28.8,0.226,0.493,13.3,69,0.214,2005,1
San Antonio Spurs*,28.5,63,19,107.5,98.8,88.9,0.329,0.216,0.534,0.492,13.2,29.1,0.238,0.452,14.7,73.6,0.236,2005,1
Seattle SuperSonics*,26,48,34,112.2,109.6,87.9,0.328,0.281,0.546,0.495,13,32.4,0.259,0.496,12.9,71.3,0.249,2005,1
Toronto Raptors,27,36,46,106.9,108.7,92.7,0.316,0.253,0.539,0.492,12.5,23.7,0.244,0.499,13.4,71.1,0.24,2005,0
Utah Jazz,25.7,29,53,104.7,109.5,88.4,0.361,0.121,0.522,0.469,15,31.9,0.273,0.499,14.2,72.3,0.34,2005,0
Washington Wizards*,25.3,40,42,107.2,107.5,93.3,0.364,0.22,0.523,0.474,12.9,31.1,0.264,0.498,14.6,70,0.23,2005,1
Atlanta Hawks,22.7,28,54,106.4,111.6,90.4,0.34,0.178,0.534,0.486,14.7,31.4,0.255,0.513,14.1,69.5,0.275,2006,0
Boston Celtics,25.3,37,45,105.2,106.9,92.2,0.349,0.204,0.551,0.504,15.7,25.5,0.263,0.49,13.8,72.8,0.282,2006,0
Charlotte Bobcats,25.2,30,52,102.5,106.7,93.4,0.319,0.184,0.509,0.464,13,27.1,0.233,0.514,16.5,70.7,0.263,2006,0
Chicago Bulls*,24.1,43,39,104,103.4,92.9,0.292,0.219,0.527,0.487,13.9,26.3,0.216,0.464,13.9,74.7,0.295,2006,1
Cleveland Cavaliers*,27.1,48,34,107.8,105.4,89.8,0.362,0.228,0.538,0.492,13.3,28.4,0.263,0.49,12.8,75.7,0.226,2006,1
Dallas Mavericks*,27.5,58,24,111.8,105,87.8,0.364,0.175,0.55,0.495,13.1,31.8,0.285,0.475,13.7,72.2,0.257,2006,1
Denver Nuggets*,27.4,42,40,105.5,105.2,93.9,0.347,0.161,0.535,0.488,13.7,26.8,0.258,0.493,14.7,72,0.227,2006,1
Detroit Pistons*,28.5,60,22,110.8,103.1,86.8,0.297,0.221,0.535,0.497,11.2,28.9,0.216,0.477,13.7,71.2,0.191,2006,1
Golden State Warriors,25.6,37,45,104.8,106.2,93.3,0.323,0.27,0.521,0.479,13,26.9,0.232,0.492,14.1,71.6,0.243,2006,0
Houston Rockets,28.8,36,46,101.6,103.3,88,0.317,0.226,0.519,0.471,14.3,25.5,0.24,0.472,13.1,74.6,0.247,2006,0
Indiana Pacers*,27.3,47,35,104.5,102.4,89.7,0.344,0.245,0.533,0.487,14.8,27.1,0.254,0.464,13,72.6,0.232,2006,1
Los Angeles Clippers*,26.8,46,36,105.3,103.6,91.7,0.332,0.131,0.54,0.487,13.8,25.4,0.263,0.471,12.2,75.9,0.24,2006,1
Los Angeles Lakers*,25.1,48,34,108.4,105.7,90.9,0.329,0.24,0.539,0.495,13.1,28.8,0.245,0.486,13.4,73.6,0.242,2006,1
Memphis Grizzlies*,28.1,52,30,105.9,101.6,86.3,0.339,0.258,0.537,0.496,13.9,25.8,0.241,0.469,14.7,72,0.237,2006,1
Miami Heat*,29.2,52,30,108.7,104.5,91.6,0.363,0.227,0.556,0.517,13.9,26.7,0.254,0.477,12.4,76.4,0.251,2006,1
Milwaukee Bucks*,25.5,38,44,106.3,107.4,91.2,0.322,0.203,0.535,0.492,13.8,27.3,0.238,0.504,13.8,74.6,0.262,2006,1
Minnesota Timberwolves,26.7,35,47,102.4,104.5,88.8,0.299,0.149,0.524,0.48,14.2,25.2,0.226,0.475,13.4,71.3,0.236,2006,0
New Jersey Nets*,28.6,45,37,103.9,102.4,89.8,0.346,0.229,0.528,0.478,13.3,24,0.262,0.476,14,76.3,0.266,2006,1
New Orleans/Oklahoma City Hornets,26.3,33,49,103.7,106.8,89,0.339,0.138,0.515,0.464,12.9,26.9,0.257,0.502,14.3,73.4,0.243,2006,0
New York Knicks,25.6,24,58,104,111,90.8,0.417,0.142,0.534,0.481,16.5,31.2,0.303,0.511,13.4,72.8,0.294,2006,0
Orlando Magic,25.5,38,44,106.3,107.5,88.3,0.369,0.129,0.543,0.496,14.7,28.5,0.27,0.49,13,72.5,0.264,2006,0
Philadelphia 76ers,26.5,35,47,106,108.1,92.7,0.356,0.158,0.538,0.487,13.3,25.6,0.27,0.5,14.3,71.3,0.24,2006,0
Phoenix Suns*,27.5,55,27,111.5,105.8,95.8,0.206,0.293,0.568,0.537,12.2,22.1,0.166,0.49,13.2,72.1,0.2,2006,1
Portland Trail Blazers,24.6,16,66,101.1,111.9,87.6,0.31,0.166,0.511,0.474,14.5,26.6,0.214,0.507,12.6,68.2,0.231,2006,0
Sacramento Kings*,27.2,45,37,106.7,105,91.9,0.334,0.217,0.544,0.492,13.9,25.4,0.262,0.488,13.7,72.2,0.21,2006,1
San Antonio Spurs*,29.8,61,21,107.3,99.6,88.5,0.298,0.215,0.546,0.513,13.6,26,0.209,0.457,13.5,74.2,0.22,2006,1
Seattle SuperSonics,25.6,33,49,111.1,114.4,91.6,0.314,0.243,0.551,0.504,13.7,30.4,0.246,0.527,13.6,69,0.26,2006,0
Toronto Raptors,25.9,33,49,109.5,112.7,91.1,0.315,0.244,0.548,0.5,12.4,25.4,0.249,0.53,13.5,73.3,0.263,2006,0
Utah Jazz,25.6,33,49,104.1,107,87.8,0.397,0.149,0.519,0.467,15,32.4,0.286,0.49,14,73.2,0.303,2006,0
Washington Wizards*,26.5,46,36,109.3,107.3,92.3,0.375,0.209,0.538,0.484,12.8,29.5,0.284,0.504,15.1,70.9,0.256,2006,1
Atlanta Hawks,24.1,27,55,103,108.3,90,0.346,0.163,0.523,0.471,15.1,29.2,0.263,0.503,14.5,70.9,0.268,2007,0
Boston Celtics,23.5,31,51,103.2,106.9,92,0.337,0.199,0.53,0.479,15.4,27,0.259,0.502,14.5,73.8,0.28,2007,0
Charlotte Bobcats,25.5,30,52,103.6,107.6,92,0.322,0.193,0.524,0.48,13.9,26.4,0.236,0.5,14.7,71.6,0.279,2007,0
Chicago Bulls*,26,55,27,104.9,99.6,93.6,0.313,0.186,0.534,0.493,14.7,28.6,0.229,0.473,16.2,74.3,0.252,2007,1
Cleveland Cavaliers*,26.9,52,30,105.5,101.3,90.8,0.32,0.211,0.522,0.484,13.4,29.7,0.223,0.48,14.7,75.8,0.243,2007,1
Dallas Mavericks*,28.1,61,21,111.3,103.2,89.5,0.317,0.218,0.559,0.509,13.4,28.7,0.256,0.477,14.2,75,0.265,2007,1
Denver Nuggets*,26.5,45,37,107.6,105.9,97.4,0.36,0.212,0.548,0.501,14.6,28.9,0.268,0.499,14.5,71.8,0.203,2007,1
Detroit Pistons*,29,53,29,108.9,104.2,87.3,0.307,0.201,0.535,0.488,12,28.3,0.237,0.477,14.3,70.9,0.234,2007,1
Golden State Warriors*,24.6,40,42,107,107.4,99.2,0.3,0.279,0.548,0.512,14.1,25.6,0.215,0.506,16.1,69.6,0.264,2007,1
Houston Rockets*,28.2,55,27,106,100.7,90.7,0.292,0.29,0.54,0.499,13.6,25.7,0.22,0.466,13.6,77,0.23,2007,1
Indiana Pacers,27.2,34,48,102.9,105.5,92.4,0.324,0.212,0.523,0.474,15.1,28.4,0.246,0.491,14.8,72.7,0.271,2007,0
Los Angeles Clippers,27.5,40,42,105.1,105.6,90.8,0.355,0.143,0.537,0.481,14.5,27.2,0.28,0.488,13.3,74.7,0.249,2007,0
Los Angeles Lakers*,25.3,41,41,108.6,108.6,93.5,0.333,0.259,0.554,0.511,14.3,26.1,0.249,0.5,13.5,72.3,0.262,2007,1
Memphis Grizzlies,26.2,27,55,106.9,112.3,93.6,0.374,0.211,0.555,0.504,15.2,25.9,0.285,0.529,14,71.1,0.237,2007,0
Miami Heat*,29.3,38,44,104.3,105.3,89.9,0.321,0.245,0.541,0.506,14.3,24.9,0.222,0.485,13.8,73.3,0.232,2007,1
Milwaukee Bucks,26,29,53,107,111.7,92.3,0.286,0.219,0.541,0.504,14.1,27.6,0.209,0.522,14.5,68.1,0.234,2007,0
Minnesota Timberwolves,27.7,30,52,103.9,107.9,91,0.291,0.167,0.537,0.49,14.8,25.1,0.231,0.498,13.3,72.1,0.226,2007,0
New Jersey Nets*,28.2,39,43,105.7,106.6,91.4,0.338,0.263,0.546,0.504,14.2,24.6,0.245,0.49,13.7,74.4,0.266,2007,1
New Orleans/Oklahoma City Hornets,26.4,36,46,104.8,106.5,90.2,0.291,0.188,0.52,0.479,13.6,29.1,0.215,0.499,13.2,74.7,0.212,2007,0
New York Knicks,25.4,33,49,105.7,108.8,90.8,0.377,0.216,0.539,0.494,15.9,31,0.27,0.504,13,74,0.246,2007,0
Orlando Magic*,25.6,43,39,104.9,104.1,89.9,0.393,0.158,0.544,0.5,16.3,29.3,0.276,0.48,14.6,73.7,0.286,2007,1
Philadelphia 76ers,26.2,32,50,103.6,106.9,90.7,0.333,0.128,0.53,0.48,14.6,27.2,0.255,0.501,14.7,70.8,0.221,2007,0
Phoenix Suns*,27.6,59,23,113.9,106.4,95.6,0.267,0.287,0.59,0.551,13.4,22.7,0.215,0.492,13.6,71.9,0.206,2007,1
Portland Trail Blazers,24.4,29,53,105.1,109.9,88.3,0.314,0.193,0.53,0.483,14.5,28.2,0.241,0.508,13.5,73,0.267,2007,0
Sacramento Kings,27.3,36,46,106.2,108,94.8,0.379,0.232,0.545,0.491,13.5,23.1,0.289,0.513,14.9,72.5,0.24,2007,0
San Antonio Spurs*,30.4,64,18,109.2,99.9,89.8,0.313,0.247,0.561,0.521,13.6,24.2,0.235,0.471,14,75.7,0.201,2007,1
Seattle SuperSonics,25.9,33,49,107.2,110.3,91.8,0.288,0.219,0.544,0.499,14.5,27.8,0.228,0.515,14.1,70.9,0.243,2007,0
Toronto Raptors*,26,44,38,107,106,92.6,0.303,0.224,0.55,0.504,13,22.2,0.239,0.503,14.3,74.5,0.219,2007,1
Utah Jazz*,25.9,49,33,110.1,107,91.6,0.38,0.163,0.551,0.502,14.5,31.7,0.283,0.496,14.4,75.1,0.314,2007,1
Washington Wizards*,26.8,40,42,110.1,110.6,94.1,0.356,0.237,0.542,0.491,12.6,28.1,0.272,0.517,14.4,71,0.249,2007,1
Atlanta Hawks*,24.2,36,46,106.9,108.9,91.1,0.34,0.165,0.535,0.483,14,29.7,0.263,0.501,12.9,71.7,0.217,2008,1
Boston Celtics*,27.9,67,15,110.2,98.9,90.9,0.346,0.249,0.569,0.522,14.7,26.6,0.267,0.457,15.2,74.4,0.253,2008,1
Charlotte Bobcats,26.3,29,53,104.6,109.4,91.8,0.323,0.22,0.532,0.492,13.9,25.6,0.23,0.505,13.4,71,0.235,2008,0
Chicago Bulls,25.7,32,50,103.9,107.2,93,0.296,0.19,0.515,0.47,13.4,28.9,0.223,0.496,14.2,73.1,0.258,2008,0
Cleveland Cavaliers*,27.1,40,42,106,106.4,90.2,0.308,0.231,0.52,0.48,13.1,30.4,0.221,0.494,12.9,75.9,0.24,2008,1
Dallas Mavericks*,28.9,54,28,111.1,106.1,90.2,0.318,0.215,0.554,0.502,12.3,26.7,0.259,0.474,11.7,75,0.252,2008,1
Denver Nuggets*,28.5,51,31,110,106.3,99.7,0.358,0.228,0.557,0.51,12.9,25.5,0.269,0.499,14.1,72.1,0.203,2008,1
Detroit Pistons*,28.3,62,20,111.4,102.9,87.3,0.3,0.203,0.539,0.495,11.4,29.4,0.23,0.47,13.4,73.7,0.244,2008,1
Golden State Warriors,25.5,47,35,111.8,109.5,98.8,0.276,0.295,0.548,0.511,11.5,27.2,0.208,0.509,14.7,70.3,0.258,2008,0
Houston Rockets*,28.3,55,27,106.8,101.6,90.4,0.276,0.255,0.528,0.492,13,29.1,0.2,0.465,12.8,74.8,0.214,2008,1
Indiana Pacers,26.7,37,45,106,107.5,97.7,0.292,0.289,0.54,0.498,13.5,24.4,0.224,0.498,14.1,73.9,0.271,2008,0
Los Angeles Clippers,28.5,21,61,101.2,109.1,92.1,0.338,0.167,0.519,0.465,13.7,23.1,0.264,0.503,12.8,73.1,0.236,2008,0
Los Angeles Lakers*,26.7,59,23,113,105.5,95.6,0.333,0.257,0.57,0.525,12.9,26.3,0.256,0.485,12.9,73.4,0.214,2008,1
Memphis Grizzlies,24.5,25,57,105,111.4,95.3,0.311,0.264,0.539,0.5,14,23.8,0.225,0.521,12.2,73.4,0.196,2008,0
Miami Heat,27.4,18,64,100.5,110,90.2,0.3,0.217,0.522,0.482,14.4,22.1,0.218,0.51,13.6,71.9,0.245,2008,0
Milwaukee Bucks,25.8,23,59,105.3,112.8,91.3,0.294,0.195,0.522,0.482,13.7,30,0.215,0.524,13,73,0.25,2008,0
Minnesota Timberwolves,24.6,23,59,103.8,111.2,91.9,0.248,0.185,0.518,0.484,13.6,27.5,0.183,0.513,12.9,73.6,0.269,2008,0
New Jersey Nets,27.4,27,55,104,109.4,91.5,0.347,0.222,0.528,0.481,14.2,26.6,0.255,0.497,12.7,73.8,0.271,2008,0
New Orleans Hornets*,27.1,56,26,111.5,105.7,89.9,0.251,0.239,0.548,0.512,11.4,27,0.193,0.501,13.5,75.4,0.184,2008,1
New York Knicks,25.7,23,59,104.7,111.9,91.6,0.31,0.215,0.518,0.475,13.4,28.6,0.226,0.518,12.1,72.7,0.229,2008,0
Orlando Magic*,26.7,56,26,111.3,105.5,93.4,0.355,0.322,0.575,0.537,13.6,23.4,0.256,0.484,12.3,74.8,0.217,2008,1
Philadelphia 76ers*,25.3,42,40,106.4,106,90.4,0.321,0.143,0.522,0.482,13.4,31.8,0.227,0.504,15.1,72,0.205,2008,1
Phoenix Suns*,29.3,54,28,113.3,108.1,96.7,0.292,0.26,0.59,0.551,13.4,22.4,0.228,0.488,11.8,70.9,0.191,2008,1
Portland Trail Blazers,24.1,38,44,107.3,108.4,87.9,0.281,0.218,0.532,0.489,12.6,26.8,0.216,0.491,12.1,71.8,0.212,2008,0
Sacramento Kings,27.3,35,47,107.5,109.9,94.7,0.346,0.208,0.556,0.503,14.8,25.2,0.276,0.51,13.9,71.7,0.256,2008,0
San Antonio Spurs*,31.4,55,27,107.2,101.8,88.8,0.276,0.251,0.543,0.504,12.6,23.4,0.21,0.477,12.8,77.1,0.201,2008,1
Seattle SuperSonics,25.4,19,63,100.5,109.5,96.3,0.265,0.134,0.509,0.467,14.3,26.8,0.204,0.503,11.9,73.7,0.215,2008,0
Toronto Raptors*,26.3,49,33,110.2,107,90.2,0.247,0.217,0.551,0.511,11.4,23.4,0.2,0.505,13.5,75,0.205,2008,1
Utah Jazz*,25.3,59,23,113.8,106.5,93.2,0.349,0.166,0.573,0.528,13.6,29.5,0.265,0.501,15,74.1,0.294,2008,1
Washington Wizards*,27.2,40,42,109.2,109.6,89.5,0.297,0.241,0.535,0.489,12.5,28.9,0.233,0.513,13.5,72.8,0.217,2008,1
Atlanta Hawks*,25.8,46,36,109.3,107.6,89.6,0.323,0.253,0.546,0.504,12.5,26,0.238,0.494,13.2,71.6,0.21,2009,1
Boston Celtics*,27.8,61,21,110.5,102.3,90.4,0.328,0.214,0.571,0.528,15,27.9,0.251,0.47,14,75.6,0.253,2009,1
Charlotte Bobcats,25.8,37,45,104.7,106.1,88.3,0.312,0.213,0.536,0.494,15.1,27.7,0.231,0.498,14.4,73,0.229,2009,0
Chicago Bulls*,24.9,40,42,108.4,108.7,93.1,0.3,0.189,0.541,0.493,13.3,28,0.239,0.493,13.1,70.9,0.238,2009,1
Cleveland Cavaliers*,26.6,65,17,112.4,102.4,88.7,0.312,0.259,0.56,0.519,12.5,27.7,0.236,0.468,13.5,74.6,0.226,2009,1
Dallas Mavericks*,29,47,35,110.5,108.4,91.5,0.274,0.241,0.55,0.504,12.1,26.6,0.224,0.493,12.3,74.6,0.225,2009,1
Denver Nuggets*,27.7,50,32,110.4,106.8,94.3,0.382,0.227,0.563,0.512,14.2,27.5,0.29,0.485,14.1,71.7,0.259,2009,1
Detroit Pistons*,28.2,40,42,107.4,108,86.7,0.282,0.165,0.524,0.483,11.7,27.9,0.212,0.485,11.7,74,0.248,2009,1
Golden State Warriors,25,31,51,109.5,113.3,98.2,0.339,0.209,0.549,0.497,12.9,26.1,0.268,0.508,12.9,68.1,0.251,2009,0
Houston Rockets*,27.9,53,29,108.4,104,90.2,0.292,0.254,0.548,0.501,13.6,26.4,0.235,0.479,11.9,75.3,0.192,2009,1
Indiana Pacers,26.5,38,44,108.1,109.2,96.5,0.267,0.244,0.545,0.501,13.1,25.4,0.215,0.499,12.7,74.5,0.271,2009,0
Los Angeles Clippers,26.6,18,64,102.3,111.7,92.1,0.275,0.226,0.52,0.481,14,25.1,0.202,0.512,12.4,71.2,0.227,2009,0
Los Angeles Lakers*,27.4,61,21,112.8,104.7,94.3,0.299,0.217,0.555,0.513,12.3,29.4,0.23,0.49,14.2,73,0.213,2009,1
Memphis Grizzlies,23.3,26,56,103.5,109.5,90.1,0.329,0.175,0.533,0.486,14.8,25.8,0.249,0.515,14.1,73.5,0.247,2009,0
Miami Heat*,25.6,42,40,107.8,107.6,89.9,0.282,0.245,0.54,0.5,12.1,24.6,0.212,0.501,14.5,72.9,0.251,2009,1
Milwaukee Bucks,26.3,38,44,106.7,107.9,92.6,0.306,0.208,0.531,0.483,13.1,27.8,0.239,0.503,15.6,74,0.315,2009,0
Minnesota Timberwolves,25.4,27,55,106.1,111.4,91.6,0.289,0.227,0.526,0.481,13.3,27.7,0.222,0.515,12,75,0.254,2009,0
New Jersey Nets,25.7,34,48,108.3,111,89.9,0.303,0.265,0.543,0.497,12.7,25.2,0.236,0.509,13,73.5,0.272,2009,0
New Orleans Hornets*,28.2,46,36,108.7,107,87.8,0.288,0.24,0.548,0.501,12.5,24.6,0.232,0.496,13.2,74.9,0.23,2009,1
New York Knicks,25.7,34,48,108.1,110.8,96.7,0.268,0.322,0.544,0.503,12.9,24.4,0.21,0.52,13,72.7,0.215,2009,0
Oklahoma City Thunder,24.5,24,58,102.9,109.4,93.6,0.308,0.141,0.521,0.471,14.8,28.6,0.242,0.514,13,73.9,0.216,2009,0
Orlando Magic*,27.3,59,23,109.2,101.9,92.3,0.351,0.335,0.559,0.52,13.4,24,0.251,0.465,12.3,75.9,0.209,2009,1
Philadelphia 76ers*,26.1,41,41,107.9,107.8,90,0.339,0.164,0.532,0.485,13.4,31.3,0.253,0.507,14.9,71.4,0.216,2009,1
Phoenix Suns,29.5,46,36,113.6,111.6,96,0.336,0.216,0.584,0.545,14.4,27.7,0.25,0.511,12.8,71.7,0.233,2009,0
Portland Trail Blazers*,24,56,26,113.9,107.8,86.6,0.306,0.239,0.553,0.511,12.5,32.6,0.234,0.499,13.2,75,0.227,2009,1
Sacramento Kings,26.3,19,63,105.5,114.7,94.2,0.315,0.238,0.542,0.491,14.3,24.5,0.252,0.526,13,69.9,0.269,2009,0
San Antonio Spurs*,30.4,52,30,108.5,104.3,88.4,0.251,0.248,0.548,0.513,11.7,22.1,0.191,0.487,11.7,78,0.191,2009,1
Toronto Raptors,27,33,49,107,110,92,0.279,0.193,0.542,0.494,12.8,24,0.23,0.511,12.6,73.7,0.202,2009,0
Utah Jazz*,25.5,48,34,110.1,107.3,93.1,0.355,0.169,0.554,0.504,13.6,28.2,0.274,0.505,15,72.7,0.262,2009,1
Washington Wizards,26.9,21,61,105.4,113.6,91,0.293,0.18,0.524,0.48,13.2,27.7,0.224,0.533,13.3,71.4,0.227,2009,0
Atlanta Hawks*,26.5,54,28,111.9,106.7,90.1,0.281,0.214,0.545,0.506,11.4,28.2,0.213,0.496,13.2,72.7,0.208,2010,1
Boston Celtics*,29.4,52,30,107.7,103.8,91.6,0.332,0.228,0.564,0.522,14.5,22.8,0.248,0.487,14.9,73.8,0.251,2010,1
Charlotte Bobcats*,27.4,45,37,104.4,102.8,90.4,0.346,0.211,0.538,0.49,15.1,26.5,0.26,0.491,14.7,74.2,0.194,2010,1
Chicago Bulls*,26.2,36,46,103.5,105.3,93.1,0.287,0.156,0.52,0.477,13.3,26.6,0.217,0.484,12.3,74.8,0.212,2010,1
Cleveland Cavaliers*,28,59,23,111.2,104.1,91.4,0.341,0.248,0.57,0.532,13.4,25.1,0.246,0.482,12.3,77.2,0.218,2010,1
Dallas Mavericks*,30.7,49,33,109.2,106.3,92.5,0.277,0.222,0.552,0.506,12.3,24.3,0.226,0.495,13.6,73.7,0.206,2010,1
Denver Nuggets*,27.7,52,30,111.8,107.5,94.8,0.376,0.227,0.561,0.509,12.7,26.1,0.29,0.495,13.8,72.4,0.251,2010,1
Detroit Pistons,26.7,26,56,105.6,111.4,88.5,0.303,0.18,0.515,0.474,12.8,30.3,0.22,0.526,14.2,73.4,0.264,2010,0
Golden State Warriors,25.1,32,50,108.1,111.7,100.4,0.294,0.238,0.557,0.514,13.1,20.9,0.23,0.525,15.1,68.5,0.26,2010,0
Houston Rockets,26,40,42,107.6,108,94,0.292,0.265,0.537,0.494,13.2,26.9,0.225,0.511,13.6,73.8,0.215,2010,0
Indiana Pacers,26.6,33,49,103.7,106.8,97.1,0.296,0.278,0.536,0.491,13.8,21.6,0.229,0.49,13.4,73,0.258,2010,0
Los Angeles Clippers,27.3,24,58,103.3,110.1,92.6,0.283,0.221,0.529,0.491,14.8,27.1,0.206,0.509,12.2,74,0.214,2010,0
Los Angeles Lakers*,28.4,54,28,108.8,103.7,92.8,0.289,0.227,0.538,0.496,12.4,27.6,0.221,0.484,13.2,74.4,0.195,2010,1
Memphis Grizzlies,24.1,37,45,108.3,109.9,93.6,0.32,0.148,0.536,0.494,13.7,31.3,0.235,0.52,13.2,73.3,0.205,2010,0
Miami Heat*,27.1,48,34,106.6,104.1,89.6,0.296,0.219,0.537,0.496,12.8,26.1,0.223,0.48,13.9,74.9,0.246,2010,1
Milwaukee Bucks*,26.4,46,36,104.9,103.1,91.7,0.239,0.259,0.518,0.482,12.3,26.2,0.181,0.486,14.6,76.4,0.266,2010,1
Minnesota Timberwolves,24.1,17,65,101.7,111.6,96.1,0.278,0.171,0.518,0.478,14.6,26.7,0.207,0.525,13,73.6,0.22,2010,0
New Jersey Nets,24.8,17,65,100.6,110.5,91.4,0.307,0.181,0.509,0.458,13.7,25.1,0.24,0.517,13.3,71.8,0.229,2010,0
New Orleans Hornets,27.5,34,48,107.4,110.1,92.6,0.243,0.23,0.543,0.506,12.7,24.8,0.189,0.523,13.5,73.8,0.205,2010,0
New York Knicks,25.4,31,51,107.6,111.6,94,0.256,0.312,0.547,0.509,13,23.5,0.2,0.526,13.3,72.1,0.207,2010,0
Oklahoma City Thunder*,23.2,51,31,108.3,104.6,93.1,0.333,0.185,0.547,0.494,13.9,28.6,0.268,0.483,14,73.6,0.229,2010,1
Orlando Magic*,27.9,61,21,111.4,103.3,92,0.34,0.35,0.573,0.536,13.6,24.6,0.246,0.477,12.2,77.4,0.205,2010,1
Philadelphia 76ers,25.4,30,52,106.1,110.3,91.6,0.27,0.206,0.534,0.496,13.7,27.6,0.204,0.518,13.8,73.2,0.231,2010,0
Phoenix Suns*,28.5,54,28,115.3,110.2,95.3,0.312,0.261,0.585,0.546,13.6,27.6,0.24,0.491,11.6,70.8,0.224,2010,1
Portland Trail Blazers*,26.6,51,31,110.8,107.1,87.7,0.315,0.215,0.547,0.499,12.1,28.2,0.249,0.502,13.3,74.8,0.219,2010,1
Sacramento Kings,24.1,29,53,105.3,109.9,94,0.286,0.201,0.528,0.491,13.6,27.8,0.207,0.505,12.6,73.5,0.244,2010,0
San Antonio Spurs*,28.7,55,27,110,104.5,91.7,0.296,0.232,0.552,0.515,12.9,26.8,0.219,0.483,12.1,76.3,0.214,2010,1
Toronto Raptors,25.2,36,46,111.3,113.2,93.1,0.319,0.211,0.564,0.521,12.7,24.7,0.244,0.513,11.8,72.9,0.247,2010,0
Utah Jazz*,25.6,55,27,110.7,105,93.8,0.34,0.184,0.565,0.524,14.2,26.8,0.252,0.492,14.2,75.6,0.269,2010,1
Washington Wizards,27.6,28,54,104.2,109.4,91.6,0.283,0.183,0.524,0.481,13.9,27.6,0.216,0.502,12.8,72.4,0.239,2010,0
Atlanta Hawks*,27.4,39,43,106.1,107,89.3,0.269,0.222,0.542,0.501,13.5,23.4,0.209,0.495,12.3,74.6,0.211,2011,1
Boston Celtics*,29.5,57,25,106.2,100.3,90.4,0.305,0.18,0.561,0.519,14.5,21.1,0.235,0.469,14.8,74.7,0.235,2011,1
Charlotte Bobcats,26.9,29,53,103.4,107.8,89.6,0.314,0.189,0.528,0.482,14.1,25.7,0.237,0.5,12.9,75.2,0.229,2011,0
Chicago Bulls*,26.4,61,21,108.3,100.3,90.4,0.305,0.215,0.541,0.501,13.5,29.4,0.227,0.463,13.6,76.2,0.222,2011,1
Cleveland Cavaliers,26.6,18,64,102.2,111.8,93,0.312,0.224,0.518,0.472,13.4,24.2,0.233,0.524,12.7,73.3,0.211,2011,0
Dallas Mavericks*,30.9,53,29,109.7,105,91.3,0.286,0.274,0.565,0.525,13.6,24.1,0.222,0.488,13,74.8,0.206,2011,1
Denver Nuggets*,27.3,54,28,112.3,107.3,95.6,0.367,0.258,0.574,0.526,13.1,23.9,0.281,0.5,12.7,75.4,0.224,2011,1
Detroit Pistons,27.2,31,51,107.7,111.7,89.2,0.279,0.189,0.533,0.495,12.5,27.4,0.206,0.526,13.8,72.1,0.235,2011,0
Golden State Warriors,25.2,35,47,108.2,110.7,94.8,0.241,0.248,0.544,0.51,13.3,26.7,0.183,0.509,14.5,69.3,0.259,2011,0
Houston Rockets,26.5,47,35,111.3,109,94.2,0.299,0.264,0.55,0.503,12.3,27.4,0.239,0.5,12.6,72.7,0.219,2011,0
Indiana Pacers*,25.9,38,44,104.8,106,94.7,0.3,0.244,0.533,0.486,14.1,25.9,0.235,0.487,12.8,74.1,0.237,2011,1
Los Angeles Clippers,24.6,32,50,105.3,108.7,92.8,0.332,0.23,0.535,0.496,15.1,28.4,0.234,0.499,12.8,73.2,0.25,2011,0
Los Angeles Lakers*,30.2,58,24,111,104.3,90.7,0.293,0.22,0.545,0.502,12.3,29.2,0.228,0.477,12.8,72.3,0.181,2011,1
Memphis Grizzlies*,25.2,48,34,107.6,105.1,91.9,0.291,0.136,0.534,0.493,13,28.9,0.218,0.502,15.7,72.5,0.228,2011,1
Miami Heat*,29,61,21,111.7,103.5,90.9,0.363,0.235,0.573,0.524,13.5,25.2,0.279,0.475,12.6,75.5,0.223,2011,1
Milwaukee Bucks,26.7,38,44,101.6,102.5,89.8,0.287,0.216,0.511,0.467,13,24.7,0.217,0.481,14.7,74.8,0.236,2011,0
Minnesota Timberwolves,23.8,24,58,104.2,111.1,96.5,0.282,0.223,0.526,0.483,15.1,29.6,0.217,0.514,13.1,73.7,0.251,2011,0
New Jersey Nets,24.8,24,58,103.1,109.9,89.9,0.283,0.201,0.517,0.474,13.4,26.1,0.215,0.503,11.8,74.2,0.241,2011,0
New Orleans Hornets*,26.3,44,38,106.2,105.2,88.7,0.296,0.192,0.537,0.493,12.8,25.1,0.226,0.501,14.4,76.2,0.22,2011,1
New York Knicks*,25.3,43,39,110.9,110.1,95.6,0.304,0.303,0.561,0.513,12.6,24.2,0.246,0.511,13.8,71.9,0.24,2011,1
Oklahoma City Thunder*,23.7,51,31,111.2,107.2,92.7,0.363,0.212,0.561,0.501,13.1,27.4,0.299,0.493,12.9,73.6,0.228,2011,1
Orlando Magic*,27.6,56,26,107.9,102,91.2,0.328,0.328,0.554,0.521,14.3,26.1,0.227,0.475,13.3,76.9,0.219,2011,1
Philadelphia 76ers*,24.7,45,37,106.6,105,91.7,0.273,0.184,0.535,0.494,12.3,24.6,0.21,0.487,13.5,74.5,0.231,2011,1
Phoenix Suns,29.6,39,43,109.5,110.4,94.4,0.283,0.271,0.559,0.522,13.2,23.7,0.215,0.513,13.1,71.6,0.211,2011,0
Portland Trail Blazers*,26.7,46,36,108.8,107.1,87.9,0.278,0.228,0.533,0.486,12.6,29.5,0.224,0.51,15.4,72,0.231,2011,1
Sacramento Kings,24.8,27,55,103.5,109,95.2,0.284,0.183,0.519,0.48,14.4,29.9,0.208,0.513,13.5,74.4,0.233,2011,0
San Antonio Spurs*,28.8,56,26,111.8,105.6,92.3,0.299,0.261,0.567,0.527,12.8,24.9,0.229,0.491,12.6,74.6,0.19,2011,1
Toronto Raptors,24.5,24,58,106.1,112.9,92.9,0.293,0.162,0.533,0.491,13.7,28.2,0.221,0.522,13,72,0.251,2011,0
Utah Jazz,26.8,36,46,108.1,110.1,91,0.313,0.191,0.544,0.498,13.5,27,0.241,0.505,13.8,71.7,0.275,2011,0
Washington Wizards,24.9,22,60,102.4,110.2,93.8,0.29,0.172,0.513,0.471,13.9,28,0.216,0.512,14.4,70.5,0.249,2011,0
Atlanta Hawks*,27.9,41,25,104.9,101.2,90.2,0.259,0.249,0.535,0.5,13.4,23.9,0.192,0.48,14.4,74.4,0.186,2012,1
Boston Celtics*,29.3,39,27,101,98.2,90.4,0.257,0.194,0.535,0.496,14.7,19.7,0.2,0.452,14.9,72.4,0.216,2012,1
Charlotte Bobcats,24.5,7,59,95.2,110.4,91.1,0.276,0.169,0.483,0.439,13.9,23.6,0.206,0.512,12.8,70.9,0.206,2012,0
Chicago Bulls*,27.1,51,15,107.4,98.3,89.1,0.255,0.205,0.523,0.49,13.2,32.6,0.184,0.45,12.8,74.3,0.175,2012,1
Cleveland Cavaliers,26,17,49,101.1,108.9,91.3,0.307,0.238,0.505,0.463,14.3,28.9,0.22,0.508,13.1,72.2,0.202,2012,0
Dallas Mavericks*,31.3,35,31,103.3,102.3,91.4,0.246,0.271,0.527,0.489,13.4,23.4,0.19,0.479,13.9,74.8,0.203,2012,1
Denver Nuggets*,26.6,39,27,109.2,106.2,94.2,0.326,0.243,0.556,0.516,14.1,27.7,0.239,0.508,14.3,74.3,0.185,2012,1
Detroit Pistons,26.3,22,44,101,106.3,89.2,0.279,0.175,0.51,0.468,15,28.1,0.21,0.5,14.2,72.8,0.226,2012,0
Golden State Warriors,25.3,25,41,105.4,109.1,92.3,0.227,0.248,0.539,0.505,13.3,22.9,0.175,0.496,13.6,69.1,0.237,2012,0
Houston Rockets,26.2,34,32,105.5,105.2,91.7,0.235,0.24,0.529,0.492,13.5,27.5,0.184,0.49,13.8,73.4,0.21,2012,0
Indiana Pacers*,26.3,41,25,106.7,103.1,90.7,0.321,0.198,0.526,0.474,13.1,29.2,0.251,0.476,14.1,72.3,0.222,2012,1
Los Angeles Clippers*,27.3,39,27,108.5,105.7,89.2,0.287,0.269,0.533,0.502,12.7,29.5,0.195,0.492,14.2,73.2,0.245,2012,1
Los Angeles Lakers*,29.7,36,30,106,104.4,90.5,0.299,0.209,0.534,0.491,14.2,29.1,0.226,0.476,10.7,74.8,0.158,2012,1
Memphis Grizzlies*,25.6,38,28,104,101.8,90.8,0.277,0.157,0.515,0.473,13.6,29.8,0.211,0.485,16.3,72.7,0.227,2012,1
Miami Heat*,28.3,47,19,106.6,100.2,91.2,0.307,0.198,0.549,0.505,14.5,26.6,0.238,0.479,15.8,73.9,0.2,2012,1
Milwaukee Bucks,26.2,34,32,105.5,105.2,93.7,0.25,0.224,0.521,0.481,12.9,27.7,0.194,0.489,14.6,70.9,0.217,2012,0
Minnesota Timberwolves,24.4,28,38,104.3,106.6,93.3,0.306,0.262,0.524,0.477,14,27.5,0.236,0.491,12.2,73,0.187,2012,0
New Jersey Nets,26.1,19,47,102.9,109.6,90.1,0.269,0.278,0.516,0.473,14.3,27.8,0.209,0.513,13.7,70.7,0.209,2012,0
New Orleans Hornets,25.5,24,42,100.9,105.1,88.3,0.274,0.152,0.517,0.476,15.2,27.5,0.207,0.485,13.5,73.1,0.218,2012,0
New York Knicks*,26.3,41,25,104.4,101,93.2,0.306,0.288,0.533,0.492,14.9,26.6,0.227,0.485,15.9,73.7,0.224,2012,1
Oklahoma City Thunder*,25.1,46,20,109.8,103.2,93,0.334,0.252,0.567,0.516,15.3,27.8,0.269,0.465,13,72.1,0.207,2012,1
Orlando Magic*,27.5,35,31,105,104.1,89,0.292,0.346,0.533,0.506,14.5,26.5,0.193,0.488,12.9,75.5,0.19,2012,1
Philadelphia 76ers*,24.9,43,23,103.9,99.2,89.7,0.217,0.175,0.511,0.48,10.9,24.4,0.161,0.46,13.5,75.2,0.192,2012,1
Phoenix Suns,28.9,32,34,106.2,106.5,92.6,0.257,0.238,0.536,0.499,13.3,25.8,0.194,0.491,13.1,71.7,0.2,2012,0
Portland Trail Blazers,27.5,32,34,105.7,106.4,91.2,0.263,0.255,0.531,0.488,13.4,26.3,0.209,0.504,14.1,72.8,0.199,2012,0
Sacramento Kings,24.3,21,45,103.8,109.8,94.7,0.268,0.228,0.51,0.472,13,29.1,0.197,0.515,13.9,70.5,0.199,2012,0
San Antonio Spurs*,27.5,48,18,110.9,103.2,92.9,0.261,0.257,0.562,0.528,12.8,25.1,0.195,0.489,12.9,76,0.168,2012,1
Toronto Raptors,25.7,25,41,100.8,104.5,89.3,0.274,0.209,0.518,0.475,14.8,25.9,0.211,0.475,12.8,75.4,0.26,2012,0
Utah Jazz*,25.6,34,32,106.8,106.1,91.4,0.302,0.153,0.525,0.481,13,30.2,0.227,0.493,13.8,73.8,0.245,2012,1
Washington Wizards,24.2,22,44,101,106.2,92.5,0.253,0.196,0.508,0.472,14.2,27.3,0.184,0.492,14.2,70.9,0.229,2012,0
Atlanta Hawks*,27.1,42,40,104.8,104.4,92.6,0.244,0.286,0.546,0.517,14.2,22.2,0.174,0.496,14.2,73.6,0.181,2013,1
Boston Celtics*,29.1,40,41,103.1,103.3,91.7,0.263,0.215,0.542,0.503,14.1,20.1,0.204,0.482,14.2,73.3,0.216,2013,1
Brooklyn Nets*,28.6,46,36,108.2,106.2,88.8,0.299,0.269,0.536,0.498,14,30.9,0.219,0.503,13.1,73.7,0.174,2013,1
Charlotte Bobcats,24.4,17,65,101.5,111.5,91.5,0.31,0.21,0.507,0.46,13.2,25.7,0.233,0.524,13.2,71.1,0.197,2013,0
Chicago Bulls*,28,42,40,103.5,103.2,89.3,0.259,0.189,0.512,0.47,13.6,29.4,0.201,0.477,13.2,73.6,0.206,2013,1
Cleveland Cavaliers,24.1,28,54,104.3,109.4,92.3,0.265,0.229,0.514,0.473,13,28.1,0.2,0.523,14.4,72.6,0.225,2013,0
Dallas Mavericks,29.5,39,43,105.9,106.5,94.1,0.242,0.236,0.544,0.506,13,21.8,0.192,0.492,13.3,73.1,0.227,2013,0
Denver Nuggets*,26.1,55,27,110.4,105.1,95.1,0.308,0.217,0.549,0.515,13.6,31.4,0.216,0.493,14.3,71.8,0.193,2013,1
Detroit Pistons,25.3,29,53,103.8,108.1,90.8,0.282,0.217,0.521,0.487,14.3,28.3,0.197,0.505,13.1,73,0.209,2013,0
Golden State Warriors*,25.3,44,38,106.4,105.5,94.5,0.255,0.239,0.545,0.506,14,25.4,0.201,0.486,12.4,75.5,0.211,2013,1
Houston Rockets*,24.4,50,32,109.7,106.1,96.1,0.308,0.349,0.564,0.525,14.9,26.4,0.232,0.502,13.5,75.2,0.196,2013,1
Indiana Pacers*,25.7,52,29,104.3,99.8,90.2,0.293,0.245,0.521,0.479,14.3,30.3,0.219,0.453,12.9,74.6,0.197,2013,1
Los Angeles Clippers*,28.8,59,23,110.6,103.6,91.1,0.286,0.265,0.557,0.526,13.9,28.8,0.203,0.492,15.4,73.5,0.229,2013,1
Los Angeles Lakers*,30.7,44,38,107.8,106.6,94.4,0.345,0.303,0.548,0.512,13.9,27,0.239,0.496,11.9,74.3,0.163,2013,1
Memphis Grizzlies*,27,54,28,104.9,100.3,88.4,0.261,0.166,0.514,0.472,13.3,31,0.202,0.475,15.2,74.3,0.209,2013,1
Miami Heat*,30.3,62,20,112.3,103.7,90.7,0.297,0.285,0.588,0.552,13.7,22.2,0.224,0.487,14.8,73,0.2,2013,1
Milwaukee Bucks*,26.4,37,45,103.6,105.2,94.7,0.236,0.232,0.51,0.476,12.7,27.9,0.174,0.492,14.4,71.3,0.201,2013,1
Minnesota Timberwolves,26.4,34,48,102.9,105.4,92.8,0.305,0.22,0.516,0.473,13.8,27.4,0.226,0.511,15,74,0.187,2013,0
New Orleans Hornets,24,30,52,105.7,110.1,88.5,0.248,0.224,0.528,0.489,14,29.2,0.193,0.52,13.1,74.4,0.208,2013,0
New York Knicks*,30.2,53,29,111.1,106.3,89.8,0.258,0.354,0.55,0.515,11.7,25.6,0.196,0.508,14.8,74.7,0.216,2013,1
Oklahoma City Thunder*,26,64,18,112.4,102.6,93.3,0.338,0.244,0.58,0.527,14.4,26.7,0.28,0.469,13.5,73.4,0.197,2013,1
Orlando Magic,24.6,22,60,101.6,109.1,92.2,0.197,0.223,0.514,0.485,13.7,25.4,0.149,0.508,11.8,74.6,0.195,2013,0
Philadelphia 76ers,25.2,31,51,102,105.7,91,0.2,0.209,0.509,0.481,12.5,24.9,0.146,0.495,13.7,73.4,0.2,2013,0
Phoenix Suns,26.9,23,59,101.2,108.1,93.4,0.234,0.21,0.512,0.477,14.3,27,0.174,0.512,14.2,71.9,0.208,2013,0
Portland Trail Blazers,24.4,32,50,105.8,109.2,91.4,0.25,0.284,0.536,0.498,13.9,25.3,0.194,0.512,12.5,73.3,0.189,2013,0
Sacramento Kings,25.6,28,54,106.2,111.4,93.6,0.271,0.243,0.532,0.491,13.4,26.6,0.208,0.517,13.6,71,0.227,2013,0
San Antonio Spurs*,28.6,58,24,108.3,101.6,94.2,0.258,0.264,0.568,0.531,14,20.5,0.204,0.48,13.7,74.9,0.179,2013,1
Toronto Raptors,25.4,37,45,105.9,107.5,90.4,0.274,0.249,0.532,0.488,13,25.5,0.216,0.5,13.6,73.4,0.247,2013,0
Utah Jazz,26.3,41,41,106.7,106.8,90.9,0.281,0.206,0.533,0.492,13.8,28.8,0.214,0.501,14,73.2,0.226,2013,0
Washington Wizards,25.4,33,49,100.2,103,92.2,0.261,0.223,0.512,0.475,14.2,24.6,0.191,0.483,13.7,74.6,0.206,2013,0
Atlanta Hawks*,27.5,40,42,105.9,106.4,94.6,0.266,0.316,0.554,0.515,14.3,21,0.208,0.51,14,74.4,0.196,2014,1
Boston Celtics,25.4,28,54,102.9,107.7,93.3,0.248,0.251,0.517,0.477,14.2,27.4,0.193,0.505,13.4,74.2,0.227,2014,0
Brooklyn Nets*,30,38,44,106.7,107.7,91.4,0.313,0.301,0.555,0.514,14.1,21.7,0.236,0.509,14.9,72.3,0.236,2014,1
Charlotte Bobcats*,25.5,40,42,103.6,103.8,92.4,0.297,0.219,0.522,0.481,11.7,21.9,0.219,0.491,12.6,77.6,0.183,2014,1
Chicago Bulls*,28.6,47,35,102.5,100.5,90.2,0.29,0.222,0.518,0.471,14.2,27.2,0.226,0.471,13.7,75.4,0.189,2014,1
Cleveland Cavaliers,24.9,32,50,104.2,107.7,93.1,0.268,0.236,0.518,0.479,13,27.2,0.201,0.508,13,75.8,0.199,2014,0
Dallas Mavericks*,30.6,48,34,111.2,108.7,93.5,0.253,0.274,0.564,0.526,12.7,24.6,0.201,0.515,14.8,72.7,0.229,2014,1
Denver Nuggets,26,35,47,106,108.2,98.1,0.306,0.278,0.536,0.497,14,27.5,0.222,0.5,12.8,74.5,0.233,2014,0
Detroit Pistons,24.7,31,51,105.9,109.7,94.9,0.296,0.222,0.514,0.482,12.9,31.4,0.199,0.52,13.8,73.4,0.218,2014,0
Golden State Warriors*,26.3,54,28,107.5,102.6,96.2,0.247,0.291,0.55,0.517,13.8,25.1,0.186,0.477,13.6,76.3,0.224,2014,1
Houston Rockets*,25.4,53,29,111,106.3,96.3,0.386,0.33,0.571,0.531,14.6,27.4,0.275,0.489,12.5,74.1,0.193,2014,1
Indiana Pacers*,27.2,54,28,104.1,99.3,92.5,0.29,0.235,0.535,0.49,14.3,24.9,0.226,0.46,12.9,76.8,0.197,2014,1
Los Angeles Clippers*,28.1,59,23,112.1,104.8,95.9,0.353,0.291,0.567,0.526,12.7,25,0.258,0.484,13.8,72.5,0.222,2014,1
Los Angeles Lakers,26.8,25,57,104.2,110.6,98.7,0.263,0.291,0.542,0.505,13.7,20.2,0.199,0.513,12.4,71,0.192,2014,0
Memphis Grizzlies*,28.5,46,36,106.3,104.6,89.9,0.248,0.171,0.529,0.494,13.1,28.3,0.184,0.497,13.8,75.7,0.199,2014,1
Miami Heat*,30.6,54,28,110.9,105.8,91.2,0.3,0.292,0.59,0.554,14.6,20.6,0.228,0.511,15.8,73,0.212,2014,1
Milwaukee Bucks,24.7,20,62,103,111.8,91.8,0.274,0.231,0.519,0.479,14.1,27.1,0.204,0.52,13.2,71.4,0.225,2014,0
Minnesota Timberwolves,26.3,48,34,108.9,106.2,97.3,0.321,0.245,0.535,0.486,12.2,27.4,0.249,0.518,14.8,74.4,0.177,2014,0
New Orleans Pelicans,24.3,33,49,107.2,110.1,92.2,0.286,0.193,0.537,0.495,12.9,26.9,0.22,0.515,13.6,73.8,0.249,2014,0
New York Knicks,28.3,39,43,108.3,109.1,90.3,0.248,0.302,0.541,0.505,12.5,25.1,0.189,0.514,14,74.3,0.245,2014,0
Oklahoma City Thunder*,26.2,58,24,110.5,103.9,95.4,0.303,0.271,0.566,0.52,14,26.5,0.244,0.488,13.9,75.6,0.221,2014,1
Orlando Magic,24.6,26,56,101.7,107.4,93.6,0.253,0.235,0.525,0.487,13.9,22.4,0.193,0.504,13,75.5,0.211,2014,0
Philadelphia 76ers,23.4,16,66,99.4,109.9,99.2,0.268,0.258,0.51,0.475,14.8,24.8,0.19,0.524,14.9,72.4,0.244,2014,0
Phoenix Suns,26.2,48,34,109.5,106.7,95.8,0.293,0.3,0.558,0.519,14,26.4,0.222,0.496,13.9,73.7,0.237,2014,0
Portland Trail Blazers*,25.8,52,30,111.5,107.4,94.9,0.27,0.29,0.548,0.504,12.4,28,0.22,0.488,11,74.7,0.194,2014,1
Sacramento Kings,24.9,33,49,105.7,108.8,94.4,0.331,0.218,0.532,0.484,13.9,27.8,0.251,0.512,12.7,76.6,0.234,2014,0
San Antonio Spurs*,28.9,61,21,110.5,102.4,95,0.24,0.257,0.571,0.537,13.5,22.7,0.188,0.482,12.8,76.4,0.184,2014,1
Toronto Raptors*,25.6,50,32,108.8,105.3,91.8,0.306,0.285,0.545,0.498,13.2,27.2,0.239,0.493,14.1,74.9,0.237,2014,1
Utah Jazz,24.5,22,60,103.5,111.3,91.4,0.271,0.237,0.523,0.484,13.9,25.5,0.202,0.518,12.1,74.5,0.227,2014,0
Washington Wizards*,26.3,45,37,106,104.6,93.2,0.248,0.246,0.538,0.506,13.6,25.2,0.181,0.504,15,75.7,0.22,2014,1
Atlanta Hawks*,27.8,56,26,108.9,103.1,93.9,0.259,0.321,0.563,0.527,13.5,21.4,0.201,0.492,14.9,73.4,0.185,2015,1
Boston Celtics*,25,41,41,104.7,104.5,95.8,0.233,0.28,0.523,0.489,12.5,24.7,0.176,0.494,13.7,75,0.208,2015,1
Brooklyn Nets*,28.6,33,49,104.4,107.4,92.7,0.267,0.24,0.529,0.491,13,23.9,0.2,0.506,12.9,73.7,0.185,2015,1
Charlotte Hornets,26,32,50,100.1,103.5,93,0.269,0.226,0.498,0.456,11.2,22.1,0.202,0.487,12,79.3,0.188,2015,0
Chicago Bulls*,28.8,50,32,107.5,104.3,92.8,0.304,0.269,0.536,0.489,12.9,27,0.238,0.473,11.3,74.4,0.182,2015,1
Cleveland Cavaliers*,26.9,53,29,111.1,106.3,92.3,0.287,0.334,0.557,0.52,13.4,26.8,0.216,0.502,12.6,74.7,0.177,2015,1
Dallas Mavericks*,29.9,49,33,109.5,106.4,95.2,0.262,0.296,0.55,0.515,11.9,23.6,0.197,0.503,14.7,72.2,0.204,2015,1
Denver Nuggets,26.4,31,51,104.5,108.2,96.1,0.278,0.284,0.518,0.479,12.7,26.6,0.204,0.504,13,74.7,0.239,2015,0
Detroit Pistons,25.9,38,44,105.3,106.4,92.8,0.261,0.29,0.515,0.482,12.3,27.7,0.184,0.502,13.2,75,0.192,2015,0
Golden State Warriors*,26.6,65,17,111.6,101.4,98.3,0.239,0.311,0.571,0.54,13.1,24.1,0.184,0.47,14.3,74.5,0.217,2015,1
Houston Rockets*,27.6,50,32,107,103.4,96.5,0.312,0.392,0.548,0.512,15,26.8,0.223,0.486,14.6,72.9,0.208,2015,1
Indiana Pacers,28.3,42,40,103.5,103.2,93.2,0.266,0.255,0.523,0.484,13.1,24,0.201,0.478,12,77.9,0.217,2015,0
Los Angeles Clippers*,28.8,58,24,112.4,105.5,94.7,0.303,0.322,0.565,0.533,11.6,22.8,0.215,0.493,13.2,75.7,0.231,2015,1
Los Angeles Lakers,27,23,59,103.4,110.6,94,0.276,0.22,0.513,0.473,12.1,25.4,0.204,0.518,12.1,76.3,0.231,2015,0
Memphis Grizzlies*,29.6,50,32,105.7,102.2,92,0.276,0.184,0.531,0.489,12.6,24.7,0.214,0.492,14.5,75.3,0.183,2015,1
Miami Heat,28.5,33,49,103.9,106.7,90.9,0.306,0.262,0.54,0.5,14.5,23.2,0.227,0.505,14.2,73.4,0.213,2015,0
Milwaukee Bucks*,24.6,42,40,102.7,102.2,94.1,0.258,0.223,0.536,0.499,15.5,25.4,0.195,0.487,15.9,73.3,0.221,2015,1
Minnesota Timberwolves,24.4,19,63,102.9,112.2,94.4,0.309,0.179,0.517,0.468,13.7,26.6,0.24,0.537,13.9,71.6,0.187,2015,0
New Orleans Pelicans*,25.3,43,39,108.2,107.3,91.4,0.263,0.233,0.537,0.501,12.5,27.1,0.198,0.496,11.7,75.1,0.195,2015,1
New York Knicks,26.9,17,65,99.9,110,91.2,0.234,0.24,0.508,0.47,14,24.5,0.18,0.512,13.3,73.1,0.234,2015,0
Oklahoma City Thunder,25.4,47,35,107.8,105.5,95.7,0.284,0.262,0.532,0.492,13.1,28.9,0.214,0.489,12.4,75.6,0.213,2015,0
Orlando Magic,24.3,25,57,101.6,107.7,93.8,0.23,0.235,0.524,0.494,14,23.1,0.168,0.514,13.6,76,0.21,2015,0
Philadelphia 76ers,23.2,18,64,95.5,104.8,95.7,0.288,0.319,0.494,0.459,16,25.5,0.195,0.497,15.2,73,0.225,2015,0
Phoenix Suns,25.7,38,44,105.3,106.2,96.3,0.251,0.291,0.537,0.501,13.7,24.5,0.191,0.497,14,73.5,0.221,2015,0
Portland Trail Blazers*,27,53,29,108.2,103.7,94.2,0.225,0.316,0.544,0.508,12.6,24.2,0.18,0.476,11.3,76.2,0.182,2015,1
Sacramento Kings,26,31,51,105.3,109.2,95.4,0.363,0.204,0.542,0.49,14.8,26.5,0.276,0.507,11.8,75.2,0.2,2015,0
San Antonio Spurs*,29.8,58,24,108.5,102,93.8,0.256,0.269,0.555,0.517,13.1,23.4,0.2,0.484,13.3,77.3,0.19,2015,1
Toronto Raptors*,26.1,49,33,111,107.7,92.8,0.295,0.302,0.553,0.508,12,25.6,0.232,0.506,13.4,73.3,0.208,2015,1
Utah Jazz,23.4,42,40,105.1,104.9,90.4,0.297,0.274,0.531,0.494,14.6,29.1,0.214,0.491,12.8,76.3,0.199,2015,0
Washington Wizards*,28.6,43,39,103.7,103,93.7,0.259,0.203,0.534,0.499,14,24.9,0.192,0.481,12.9,77.3,0.21,2015,1
Atlanta Hawks*,28.2,51,31,105.1,101.4,97.1,0.237,0.336,0.552,0.516,13.8,19.1,0.185,0.48,14.4,74.6,0.194,2016,1
Boston Celtics*,25.2,50,32,106.8,103.6,98.5,0.264,0.293,0.531,0.488,12.1,25.1,0.208,0.487,14.6,74.6,0.231,2016,1
Brooklyn Nets,26.9,22,60,103.2,110.9,95.2,0.246,0.218,0.527,0.492,13.6,24.1,0.186,0.534,13.1,75.7,0.176,2016,0
Charlotte Hornets*,26,49,33,107.1,104.3,95.7,0.28,0.348,0.545,0.502,11.7,20,0.222,0.496,12.5,79.8,0.191,2016,1
Chicago Bulls,27.6,37,45,105,106.5,95.7,0.24,0.244,0.526,0.487,12.6,24.5,0.189,0.485,10.7,74.9,0.182,2016,0
Cleveland Cavaliers*,28.1,57,25,110.9,104.5,93.3,0.259,0.352,0.558,0.524,12.7,25.1,0.194,0.496,12.6,78.5,0.205,2016,1
Dallas Mavericks*,30.3,40,42,106.7,107,94.3,0.265,0.339,0.544,0.502,12,20.6,0.211,0.504,12.8,76.2,0.198,2016,1
Denver Nuggets,24.7,33,49,105.6,108.9,95.7,0.282,0.277,0.531,0.489,13.2,25.8,0.216,0.515,12.6,77.3,0.216,2016,0
Detroit Pistons*,25,43,39,106.1,105.5,95.1,0.296,0.303,0.522,0.491,12.2,27,0.197,0.504,12.5,79.3,0.196,2016,1
Golden State Warriors*,27.4,65,17,114.5,103.8,99.3,0.25,0.362,0.593,0.563,13.5,23.5,0.191,0.479,12.6,76,0.208,2016,1
Houston Rockets*,27.8,42,40,108.3,108.1,97.6,0.352,0.37,0.553,0.516,14.2,25.7,0.244,0.516,14.7,72.8,0.219,2016,1
Indiana Pacers*,26.9,46,36,104.6,102.9,96.6,0.268,0.27,0.536,0.497,13.5,23.4,0.205,0.489,14.3,76,0.205,2016,1
Los Angeles Clippers*,29.7,53,29,108.3,103.8,95.8,0.318,0.324,0.556,0.524,12.1,20.1,0.22,0.48,13.8,73.8,0.222,2016,1
Los Angeles Lakers,26.5,17,65,101.6,111.6,95.6,0.292,0.29,0.509,0.46,12.5,23.1,0.228,0.523,11.6,74.7,0.202,2016,0
Memphis Grizzlies*,30.5,35,47,105.4,107.8,93.3,0.295,0.222,0.524,0.477,12.3,25.3,0.231,0.518,15.2,75.1,0.251,2016,1
Miami Heat*,28.4,46,36,106.1,104.4,93.6,0.282,0.221,0.545,0.508,13.3,23.8,0.21,0.485,12.1,77.8,0.196,2016,1
Milwaukee Bucks,23.5,29,53,104.3,108.7,94.2,0.276,0.189,0.537,0.499,14.2,24.9,0.207,0.51,14.2,73.1,0.221,2016,0
Minnesota Timberwolves,24.6,31,51,106.5,110.1,95.2,0.332,0.202,0.549,0.498,13.9,24.3,0.263,0.524,13.6,74.7,0.2,2016,0
New Orleans Pelicans,26.6,31,51,105.6,109.5,96.8,0.259,0.277,0.537,0.498,12.3,21.2,0.201,0.523,12.7,78.8,0.225,2016,0
New York Knicks,27.2,33,49,104.6,107.6,93.4,0.255,0.256,0.527,0.483,12.6,23.7,0.205,0.487,10.5,75.8,0.204,2016,0
Oklahoma City Thunder*,25.8,59,23,113.1,105.6,96.7,0.292,0.275,0.565,0.524,14,31.1,0.228,0.484,11.7,76,0.205,2016,1
Orlando Magic,23.9,36,46,105.1,106.8,96,0.232,0.255,0.533,0.5,12.8,23.1,0.175,0.513,13.8,76.5,0.215,2016,0
Philadelphia 76ers,23.3,16,66,98.8,109.2,97.9,0.269,0.327,0.519,0.487,14.8,20.6,0.186,0.51,13.5,74,0.24,2016,0
Phoenix Suns,26,24,58,102.2,109,98.5,0.271,0.302,0.526,0.487,15.2,25.4,0.204,0.523,13.5,77.1,0.237,2016,0
Portland Trail Blazers*,24.3,43,39,108.8,108,96,0.268,0.332,0.548,0.511,13.2,25.9,0.202,0.503,12.1,76.2,0.225,2016,1
Sacramento Kings,26.6,34,48,106,108.4,100,0.295,0.26,0.546,0.51,14.2,23.9,0.214,0.521,14,74.9,0.202,2016,0
San Antonio Spurs*,30.3,67,15,110.3,99,93.8,0.246,0.223,0.564,0.526,12.4,23,0.197,0.477,14.1,79.1,0.182,2016,1
Toronto Raptors*,26.3,53,29,110,105.2,92.9,0.328,0.287,0.552,0.504,12.3,24.6,0.255,0.498,12.7,77.7,0.201,2016,1
Utah Jazz,24.2,46,36,105.9,103.9,91,0.286,0.297,0.54,0.501,14.2,25.9,0.213,0.495,13.5,77.7,0.21,2016,0
Washington Wizards,27.3,40,42,105.3,105.8,98.5,0.263,0.282,0.544,0.511,13.1,20.6,0.192,0.515,14.6,77.7,0.218,2016,0
Atlanta Hawks*,27.9,39,43,104.9,105.7,97.4,0.295,0.309,0.541,0.504,14.2,23.6,0.215,0.507,13.8,76.1,0.179,2017,1
Boston Celtics*,25.9,48,34,111.2,108.4,96.8,0.273,0.393,0.567,0.525,12.2,21.2,0.22,0.503,12.6,75.3,0.223,2017,1
Brooklyn Nets,26,24,58,104.1,110.7,101.3,0.289,0.371,0.551,0.507,14.7,19.6,0.228,0.513,11.6,76.1,0.212,2017,0
Charlotte Hornets,26.5,42,40,108.8,108.6,95.7,0.279,0.335,0.547,0.501,10.7,19.9,0.227,0.523,12.1,79.6,0.164,2017,0
Chicago Bulls*,26.9,42,40,107.4,107,95.3,0.259,0.256,0.53,0.487,12.3,27,0.206,0.507,12.4,76.8,0.169,2017,1
Cleveland Cavaliers*,29.2,49,33,113.6,110.3,96.2,0.275,0.399,0.58,0.547,12.6,21.9,0.206,0.516,11.4,75.8,0.174,2017,1
Dallas Mavericks,27.6,33,49,105.6,108.8,92.2,0.225,0.366,0.541,0.505,11.6,18.1,0.18,0.529,14.4,77.6,0.218,2017,0
Denver Nuggets,25.2,42,40,113.2,112.7,98.3,0.276,0.329,0.568,0.53,13.2,27.3,0.214,0.532,10.9,78.7,0.194,2017,0
Detroit Pistons,25.4,38,44,106,107.1,95,0.218,0.263,0.521,0.492,10.9,24.1,0.157,0.516,12.1,81.2,0.197,2017,0
Golden State Warriors*,28.2,67,15,115.6,104,99.8,0.259,0.359,0.597,0.563,13.2,22.8,0.204,0.486,13.5,74.9,0.198,2017,1
Houston Rockets*,27.4,55,27,114.7,109,100,0.304,0.462,0.583,0.545,13.3,24.6,0.233,0.519,13.2,75.8,0.194,2017,1
Indiana Pacers*,27,40,42,108.6,108.8,95.9,0.261,0.272,0.558,0.516,12.8,21.2,0.212,0.512,13.6,75.5,0.225,2017,1
Los Angeles Clippers*,30,52,30,112.7,108.2,96.1,0.312,0.329,0.574,0.537,12,21.5,0.233,0.506,12.1,76.9,0.211,2017,1
Los Angeles Lakers,25.1,24,58,106,113,98.5,0.259,0.295,0.537,0.501,13.5,25,0.195,0.542,13,75.8,0.213,2017,0
Memphis Grizzlies*,29.5,42,40,107.7,107.1,92.3,0.28,0.316,0.535,0.491,12.1,24.8,0.219,0.506,13.6,77.5,0.256,2017,1
Miami Heat,26.5,44,38,107.8,106.7,95.2,0.251,0.314,0.541,0.512,12.4,24.2,0.177,0.496,12.6,76.4,0.22,2017,0
Milwaukee Bucks*,25.6,40,42,109.1,109.3,94.5,0.274,0.29,0.565,0.527,13.2,21.5,0.21,0.518,13.6,75.4,0.215,2017,1
Minnesota Timberwolves,24,38,44,110.8,112,94.6,0.287,0.249,0.555,0.511,12.9,27.2,0.229,0.535,13.2,75.9,0.212,2017,0
New Orleans Pelicans,25.7,35,47,105.2,107.4,98,0.256,0.308,0.539,0.504,11.7,18.5,0.192,0.509,12.4,76.8,0.177,2017,0
New York Knicks,27.3,31,51,107.7,111.5,96,0.239,0.279,0.534,0.496,12.4,26.6,0.188,0.511,11.7,74.1,0.214,2017,0
Oklahoma City Thunder*,24.7,43,39,108.3,107.5,97.8,0.295,0.295,0.54,0.5,13.2,27.9,0.22,0.511,12.5,79,0.218,2017,1
Orlando Magic,25.3,24,58,103.7,110.5,96.8,0.246,0.3,0.524,0.489,12.1,21.6,0.184,0.523,11.9,77.4,0.201,2017,0
Philadelphia 76ers,24.6,26,56,103.2,108.9,98.5,0.258,0.349,0.539,0.501,14.9,22.4,0.199,0.512,13.5,75.3,0.234,2017,0
Phoenix Suns,25,27,55,106.6,112.2,100.3,0.297,0.255,0.538,0.493,13.4,26,0.231,0.525,13.1,76.4,0.264,2017,0
Portland Trail Blazers*,24.8,40,42,110.3,110.8,96.7,0.275,0.322,0.559,0.52,12.5,23,0.214,0.508,11.6,76.8,0.241,2017,1
Sacramento Kings,27.9,31,51,107.3,111.3,94.9,0.284,0.291,0.556,0.516,13.7,21,0.22,0.528,12.9,76.3,0.227,2017,0
San Antonio Spurs*,29.6,60,22,111.1,103.5,94.2,0.263,0.281,0.564,0.524,12.6,24,0.21,0.492,13.5,77.6,0.192,2017,1
Toronto Raptors*,26.1,52,30,112.3,107.8,94.7,0.293,0.289,0.561,0.517,11.8,25,0.233,0.507,13.5,76.3,0.223,2017,1
Utah Jazz*,26.8,52,30,109.6,105.3,91.6,0.288,0.327,0.563,0.526,13.2,23.2,0.215,0.493,11.8,78.9,0.195,2017,1
Washington Wizards*,26,46,36,111.2,109.3,97.4,0.254,0.284,0.564,0.528,12.8,24.1,0.199,0.524,13.8,75.5,0.213,2017,1
Atlanta Hawks,25.4,27,55,105,110.6,98.3,0.236,0.363,0.547,0.512,14.1,21.1,0.185,0.536,13.6,76.2,0.183,2018,0
Boston Celtics*,24.7,51,31,107.6,103.9,96,0.243,0.357,0.552,0.518,13,21.5,0.188,0.495,13,78.4,0.191,2018,1
Brooklyn Nets,25.1,31,51,106.9,110.6,98.9,0.26,0.411,0.551,0.514,13.6,21,0.201,0.517,11,77,0.201,2018,0
Charlotte Hornets,26.6,42,40,109.4,109.1,98.4,0.312,0.314,0.549,0.508,11.4,22.2,0.233,0.532,12.4,80.7,0.165,2018,0
Chicago Bulls,24.4,23,59,103.8,110.9,98.3,0.216,0.35,0.529,0.497,12.6,20.6,0.164,0.542,12.4,80.6,0.184,2018,0
Cleveland Cavaliers*,30.6,43,39,112.9,111.9,98,0.275,0.379,0.584,0.547,12.6,20.1,0.214,0.54,12.2,77.3,0.166,2018,1
Dallas Mavericks,27.7,33,49,106.3,109.5,95.6,0.217,0.382,0.544,0.513,11.6,18,0.166,0.532,12.9,78.9,0.193,2018,0
Denver Nuggets,25.1,45,37,112.5,111,96.8,0.258,0.357,0.57,0.536,13.4,25.7,0.198,0.539,12.6,77.5,0.173,2018,0
Detroit Pistons,25.9,41,41,107.2,107.3,96.2,0.227,0.333,0.543,0.512,12.3,22.7,0.169,0.524,13.7,78.5,0.172,2018,0
Golden State Warriors*,28.8,56,26,113.6,107.6,99.6,0.239,0.339,0.603,0.569,14.1,21,0.195,0.504,12.6,76.3,0.186,2018,1
Houston Rockets*,29.8,61,21,114.7,106.1,97.6,0.298,0.502,0.59,0.551,12.7,21.3,0.233,0.521,13.4,79.9,0.171,2018,1
Indiana Pacers*,26.2,45,37,109.5,108.1,96,0.222,0.284,0.557,0.525,12.3,22.7,0.173,0.527,14.2,76.2,0.174,2018,1
Los Angeles Clippers,27,41,41,110.3,110.2,98.7,0.299,0.314,0.564,0.527,13.2,23.5,0.222,0.52,12.6,76.1,0.203,2018,0
Los Angeles Lakers,23.7,37,45,106.5,108,100.3,0.264,0.329,0.548,0.517,13.8,23.6,0.188,0.514,12.5,77.7,0.19,2018,0
Memphis Grizzlies,26,25,57,104.5,111,94.9,0.255,0.317,0.539,0.5,14,22.4,0.201,0.529,13.8,76.5,0.256,2018,0
Miami Heat*,26.5,42,40,106.8,106.3,95.6,0.229,0.358,0.551,0.52,13.3,21.5,0.173,0.507,13.1,79,0.215,2018,1
Milwaukee Bucks*,25.9,40,42,109.8,110.1,96.2,0.281,0.297,0.571,0.531,12.9,20.4,0.22,0.528,14.2,75.9,0.22,2018,1
Minnesota Timberwolves*,27.1,47,35,113.4,111.1,96,0.28,0.261,0.566,0.523,11.4,24.4,0.225,0.539,13.9,76.4,0.189,2018,1
New Orleans Pelicans*,27.6,44,38,109.6,108.3,100.5,0.237,0.319,0.573,0.541,13.3,20,0.183,0.513,12.5,76.7,0.175,2018,1
New York Knicks,26.3,32,50,107.1,110.7,96.8,0.216,0.266,0.544,0.51,13.3,24.1,0.17,0.522,12.2,76.7,0.208,2018,0
Oklahoma City Thunder*,27.3,50,32,110.7,107.2,96.7,0.275,0.345,0.546,0.514,12.4,27.7,0.197,0.525,14.7,77.4,0.193,2018,1
Orlando Magic,25.6,28,54,105.2,110.1,98.1,0.238,0.342,0.545,0.512,13.3,20,0.18,0.525,12.8,75.6,0.187,2018,0
Philadelphia 76ers*,25.8,53,29,109.5,105,99.8,0.263,0.344,0.568,0.535,14.6,25.3,0.198,0.492,12.6,78.6,0.218,2018,1
Phoenix Suns,23.7,19,63,103.5,112.8,100.3,0.275,0.32,0.532,0.495,13.9,22.5,0.203,0.533,11.9,76.5,0.212,2018,0
Portland Trail Blazers*,25.6,48,34,109.1,106.4,96.5,0.24,0.324,0.549,0.511,12.3,23.3,0.192,0.503,11.7,79.1,0.193,2018,1
Sacramento Kings,26.4,23,59,103.7,111.1,94.9,0.194,0.278,0.529,0.502,12.8,21.5,0.143,0.542,13.5,77.6,0.199,2018,0
San Antonio Spurs*,29.3,49,33,107.9,104.8,95,0.245,0.282,0.543,0.507,12.2,23.7,0.189,0.507,13.2,78.6,0.17,2018,1
Toronto Raptors*,25.8,60,22,113.8,105.9,97.4,0.25,0.377,0.575,0.539,12.1,23,0.198,0.501,13,77.7,0.212,2018,1
Utah Jazz*,26.7,53,29,108.4,103.9,95.7,0.26,0.357,0.564,0.527,13.7,21.5,0.202,0.506,14,79.8,0.19,2018,1
Washington Wizards*,26.9,43,39,109.3,108.7,96.6,0.254,0.31,0.56,0.525,13.3,23.5,0.196,0.522,13.6,77.1,0.212,2018,1
Atlanta Hawks,25.1,27,55,108.1,113.9,103.9,0.255,0.403,0.555,0.522,14.3,24.7,0.192,0.541,12.8,76.4,0.237,2019,0
Boston Celtics*,25.7,52,30,112.2,107.8,99.6,0.215,0.381,0.567,0.534,11.5,21.6,0.173,0.514,13.4,77,0.198,2019,1
Brooklyn Nets*,25.4,41,41,109.6,109.7,100.8,0.284,0.403,0.556,0.52,13,23.8,0.211,0.512,11.6,76.4,0.19,2019,1
Charlotte Hornets,26.6,38,44,111.4,112.5,98.7,0.257,0.378,0.554,0.514,10.9,21.7,0.205,0.538,12.1,77.1,0.179,2019,0
Chicago Bulls,24,21,61,104.8,113.2,99,0.235,0.295,0.541,0.505,12.7,19.4,0.184,0.541,11.9,77.3,0.188,2019,0
Cleveland Cavaliers,25.2,19,63,107.7,117.6,96.6,0.236,0.332,0.54,0.503,12.2,23.7,0.187,0.564,11.5,77,0.181,2019,0
Dallas Mavericks,26.9,38,44,109.4,110.7,99,0.291,0.422,0.555,0.519,12.7,22.7,0.216,0.522,11.6,77.5,0.191,2019,0
Denver Nuggets*,24.9,51,31,113,108.9,97.7,0.232,0.348,0.558,0.527,11.9,26.6,0.175,0.521,12.3,78,0.194,2019,1
Detroit Pistons*,26.9,40,42,109,109.2,97.4,0.262,0.394,0.544,0.509,12.3,24.8,0.195,0.526,12.8,78.7,0.211,2019,1
Golden State Warriors*,28.4,56,26,115.9,109.5,100.9,0.227,0.384,0.596,0.565,12.6,22.5,0.182,0.508,11.7,77.1,0.205,2019,1
Houston Rockets*,29.2,53,29,115.5,110.7,97.9,0.279,0.519,0.581,0.542,12,22.8,0.221,0.525,13.4,74.4,0.21,2019,1
Indiana Pacers*,27,50,32,109.9,106.5,98.1,0.242,0.292,0.561,0.53,12.4,21.9,0.182,0.516,14.1,76.2,0.184,2019,1
Los Angeles Clippers*,27.2,43,39,112.4,111.5,101.7,0.326,0.295,0.575,0.529,12.7,22,0.258,0.514,11.4,76,0.224,2019,1
Los Angeles Lakers,26.2,37,45,107.8,109.5,103.2,0.257,0.342,0.554,0.527,13.4,22.2,0.18,0.516,12.2,76.4,0.192,2019,0
Memphis Grizzlies,27.7,34,48,106.1,108.8,96.6,0.272,0.342,0.548,0.508,12.9,20,0.21,0.521,13.9,77.6,0.232,2019,0
Miami Heat,27,40,42,107.3,107.6,98.2,0.247,0.368,0.542,0.515,13.1,24.8,0.172,0.51,12.7,77.6,0.201,2019,0
Milwaukee Bucks*,26.9,61,21,113.8,105.2,103.3,0.255,0.419,0.583,0.55,12,20.8,0.197,0.503,11.5,80.3,0.162,2019,1
Minnesota Timberwolves,26.2,37,45,111.4,112.9,100.2,0.267,0.315,0.552,0.511,11.4,24.6,0.21,0.538,12.9,74.9,0.19,2019,0
New Orleans Pelicans,25.7,38,44,111.4,112.6,103.3,0.254,0.324,0.563,0.529,12.6,24.1,0.193,0.532,11.6,76.8,0.193,2019,0
New York Knicks,23.4,19,63,104.5,113.7,99.6,0.27,0.334,0.529,0.49,12.4,22.1,0.205,0.533,11.7,76.1,0.203,2019,0
Oklahoma City Thunder*,25.7,50,32,110.3,107,102.8,0.266,0.347,0.545,0.514,11.7,26,0.19,0.523,14.4,78.2,0.206,2019,1
Orlando Magic*,25.7,43,39,108.9,108.1,98.1,0.216,0.36,0.55,0.518,11.9,22,0.168,0.515,11.8,79.7,0.186,2019,1
Philadelphia 76ers*,26.4,48,34,112.6,110,101.6,0.312,0.342,0.574,0.532,12.9,24.5,0.241,0.512,11.1,78.6,0.206,2019,1
Phoenix Suns,24,19,63,105.9,115.1,100.5,0.259,0.335,0.552,0.514,13.8,20.5,0.202,0.545,13.5,72.5,0.236,2019,0
Portland Trail Blazers*,26.2,51,31,114.7,110.5,99.1,0.258,0.339,0.568,0.528,12.1,26.6,0.21,0.516,11,77.9,0.195,2019,1
Sacramento Kings,24.8,38,44,110.4,111.5,103.1,0.244,0.321,0.554,0.524,11.5,23.1,0.177,0.533,13.6,75.5,0.207,2019,0
San Antonio Spurs*,28.8,45,37,112.9,111.2,98.3,0.237,0.286,0.572,0.534,11,21,0.194,0.528,11,79.4,0.17,2019,1
Toronto Raptors*,27.3,56,26,113.1,107.1,100.2,0.247,0.379,0.579,0.543,12.4,21.9,0.198,0.509,13.1,77.1,0.19,2019,1
Utah Jazz*,27.3,54,28,110.9,105.7,100.3,0.295,0.394,0.572,0.538,13.4,22.9,0.217,0.507,12.4,80.3,0.189,2019,1
Washington Wizards,26.5,34,48,111.1,113.9,101.4,0.266,0.37,0.567,0.531,12.3,21.3,0.204,0.546,13.5,74.1,0.199,2019,0
Atlanta Hawks,24.1,18,49,107.2,114.8,103,0.258,0.398,0.554,0.515,13.8,21.6,0.204,0.543,12.7,74.9,0.233,2020,0
Boston Celtics*,25.3,50,22,113.3,107,99.5,0.259,0.386,0.57,0.531,12.2,23.9,0.207,0.509,13.5,77.4,0.215,2020,1
Brooklyn Nets*,26.3,35,37,108.9,109.5,101.4,0.267,0.423,0.554,0.52,13.1,23.2,0.199,0.511,11,77.8,0.187,2020,1
Charlotte Hornets,24.3,19,46,106.3,113.3,95.8,0.252,0.399,0.539,0.504,13.3,23.9,0.188,0.546,13.1,74.4,0.159,2020,0
Chicago Bulls,24.4,26,39,106.7,109.8,99.7,0.231,0.396,0.547,0.515,13.7,22.8,0.175,0.546,16.3,75.6,0.239,2020,0
Cleveland Cavaliers,25,18,47,107.5,115.4,98.7,0.227,0.362,0.553,0.522,14.6,24.6,0.172,0.56,11.7,77.4,0.164,2020,0
Dallas Mavericks*,26.1,49,26,116.7,111.7,99.3,0.264,0.457,0.581,0.545,11.2,23.2,0.206,0.525,10.6,77.7,0.175,2020,1
Denver Nuggets*,25.6,41,32,113.1,111,97.1,0.235,0.344,0.567,0.535,12.3,24.8,0.183,0.533,12.9,76.8,0.198,2020,1
Detroit Pistons,25.9,26,40,109,112.7,97.6,0.261,0.381,0.561,0.529,13.8,22.6,0.194,0.541,12.7,75.9,0.186,2020,0
Golden State Warriors,24.4,16,49,105.2,113.8,100.3,0.264,0.355,0.54,0.497,13.2,21.5,0.212,0.553,13.7,76.4,0.193,2020,0
Houston Rockets*,29.2,42,30,112.9,110.1,103.7,0.288,0.501,0.578,0.537,12.6,21,0.228,0.529,13.7,75.6,0.197,2020,1
Indiana Pacers*,25.6,41,32,110,108,98.9,0.216,0.317,0.565,0.534,12,20,0.17,0.511,13,76.7,0.192,2020,1
Los Angeles Clippers*,27.4,50,22,113.9,107.6,101.5,0.295,0.375,0.577,0.535,12.6,23.5,0.233,0.506,12.2,77.6,0.206,2020,1
Los Angeles Lakers*,29.5,48,23,112,106.3,100.9,0.276,0.358,0.573,0.542,13.3,24.5,0.201,0.515,14.1,78.8,0.205,2020,1
Memphis Grizzlies,24.1,34,39,109.2,110.3,102.8,0.24,0.346,0.561,0.528,13.2,23,0.183,0.521,12.7,77.8,0.217,2020,0
Miami Heat*,25.9,43,30,112.5,109.5,98.3,0.299,0.419,0.587,0.547,13.5,20.3,0.234,0.523,12.6,79.5,0.213,2020,1
Milwaukee Bucks*,29.2,57,16,112.4,102.9,105.1,0.271,0.428,0.583,0.552,12.9,20.7,0.201,0.489,12,81.6,0.178,2020,1
Minnesota Timberwolves,24.8,24,40,108.1,112.2,103.4,0.277,0.433,0.551,0.514,13,22.1,0.209,0.541,13.2,77.2,0.218,2020,0
New Orleans Pelicans,25.4,33,39,110.7,111.9,103.7,0.256,0.403,0.568,0.539,13.9,24.2,0.186,0.532,12.4,77.8,0.212,2020,0
New York Knicks,24.5,20,46,106.5,113,98.6,0.263,0.318,0.531,0.501,12.6,25.8,0.182,0.541,12.4,78.3,0.224,2020,0
Oklahoma City Thunder*,25.5,41,31,110.8,108.8,98.8,0.29,0.353,0.573,0.53,12.4,19.3,0.231,0.518,12.6,76.8,0.173,2020,1
Orlando Magic*,26.1,34,39,108.5,109.5,98.6,0.256,0.364,0.544,0.506,11.5,22.3,0.198,0.535,13.2,79.1,0.176,2020,1
Philadelphia 76ers*,26.3,42,31,111.3,109,99,0.255,0.36,0.566,0.534,12.7,23.9,0.193,0.523,12.5,80.3,0.214,2020,1
Phoenix Suns,24.6,37,36,111.7,111.4,101.3,0.271,0.361,0.576,0.532,13,22.2,0.226,0.539,13.7,78.8,0.221,2020,0
Portland Trail Blazers*,27.5,34,40,113.7,114.8,100.7,0.242,0.374,0.57,0.533,11.2,22.4,0.194,0.53,11.2,75.3,0.208,2020,1
Sacramento Kings,27,31,41,110.2,112.2,98.9,0.23,0.395,0.566,0.534,13,21.9,0.177,0.543,13.6,78.4,0.225,2020,0
San Antonio Spurs,27.6,33,38,112.4,113.5,100.5,0.262,0.318,0.572,0.531,11.2,20.1,0.212,0.542,11.7,79.2,0.193,2020,0
Toronto Raptors*,26.6,50,22,111.1,105,100.9,0.264,0.421,0.574,0.536,13.1,21.3,0.21,0.502,14.6,76.7,0.202,2020,1
Utah Jazz*,27.3,42,30,112.3,109.9,98.6,0.268,0.414,0.585,0.549,13.7,21.6,0.208,0.518,11.1,78.9,0.185,2020,1
Washington Wizards,25.1,26,46,110.9,115.5,102.7,0.27,0.358,0.562,0.523,12.2,22.2,0.213,0.558,13.9,75.3,0.231,2020,0
Utah Jazz*,28.5,55,17,117.6,108.3,98.5,0.244,0.488,0.597,0.563,12.7,24.5,0.195,0.507,10.3,79.3,0.159,2021,1
Los Angeles Clippers*,28.8,49,23,117.6,111.2,96.9,0.222,0.4,0.599,0.564,12.2,22.7,0.186,0.531,11.9,79.1,0.186,2021,1
Phoenix Suns*,26.6,49,23,117.2,111.3,97.2,0.212,0.392,0.597,0.564,11.5,20.8,0.177,0.534,12.4,78.5,0.194,2021,1
Milwaukee Bucks*,28.1,48,24,117.2,111.4,102.2,0.233,0.404,0.593,0.566,12,23.3,0.177,0.536,11.5,79.7,0.157,2021,1
Philadelphia 76ers*,27.1,48,24,113.2,107.6,99.5,0.293,0.347,0.579,0.541,12.8,23.2,0.225,0.521,13.8,78.2,0.2,2021,1
Denver Nuggets*,26.1,47,25,117.1,112.1,97.1,0.219,0.383,0.588,0.557,12.1,24.7,0.176,0.545,12.9,78.9,0.2,2021,1
Brooklyn Nets*,28.2,46,26,118.3,113.8,99.5,0.258,0.413,0.61,0.575,12.2,21.4,0.208,0.531,11.1,77.3,0.187,2021,1
Los Angeles Lakers*,28.2,42,30,109.9,107.1,98.7,0.271,0.363,0.569,0.536,13.6,22.5,0.2,0.526,13.7,79.7,0.184,2021,1
Dallas Mavericks*,26.3,41,31,115.4,113,97.3,0.242,0.436,0.582,0.55,11.1,21.1,0.189,0.534,11.5,77.8,0.197,2021,1
New York Knicks*,25.6,41,31,110.6,108.2,95.9,0.242,0.347,0.559,0.524,11.9,21.9,0.19,0.509,11.7,78.6,0.196,2021,1
Atlanta Hawks*,25.4,41,31,115.7,113.3,97.6,0.278,0.382,0.581,0.539,11.9,24.4,0.226,0.53,11.1,77.8,0.19,2021,1
Portland Trail Blazers*,27.4,40,32,117.8,116,98.4,0.238,0.448,0.577,0.54,9.9,23,0.195,0.546,11.2,77.5,0.203,2021,1
Boston Celtics*,25.1,39,33,114,112.5,98.3,0.234,0.409,0.574,0.543,12.5,24.3,0.181,0.539,12.8,78.1,0.215,2021,1
Golden State Warriors,26.7,38,34,111.1,110.1,102.2,0.239,0.439,0.583,0.551,13.3,17.9,0.188,0.522,13.1,76.6,0.223,2021,0
Memphis Grizzlies*,24.2,38,34,112,111,100.4,0.232,0.342,0.56,0.528,11.6,24.2,0.179,0.535,13.1,78.3,0.196,2021,1
Miami Heat*,27.4,36,36,111.2,111.2,96.6,0.252,0.432,0.581,0.546,13.1,19.4,0.199,0.542,13.8,77.9,0.183,2021,1
Indiana Pacers,26.5,36,36,112.4,112.4,101.6,0.227,0.372,0.575,0.542,11.9,20.2,0.18,0.531,12.7,74.9,0.201,2021,0
New Orleans Pelicans,24.8,35,37,113.5,113.8,100.1,0.293,0.342,0.57,0.537,12.7,26.3,0.214,0.55,11.9,80,0.186,2021,0
Toronto Raptors,26.6,35,37,112,112.5,99.2,0.241,0.444,0.567,0.529,11.9,20.8,0.196,0.543,14.4,76.3,0.234,2021,0
Chicago Bulls,25.6,34,38,111.1,112,99,0.197,0.383,0.575,0.547,13.6,22.3,0.156,0.538,11.6,80.3,0.196,2021,0
San Antonio Spurs,26.2,32,40,111,112.8,98.9,0.243,0.314,0.554,0.517,10.2,20,0.192,0.541,11.8,77.3,0.174,2021,0
Washington Wizards*,26.6,32,40,111.2,113,104.1,0.288,0.319,0.569,0.531,12.3,21.3,0.221,0.539,12.5,77.6,0.217,2021,1
Charlotte Hornets,24.6,32,40,110.9,112.8,98.3,0.238,0.422,0.564,0.532,13.3,23.5,0.181,0.55,13.2,75.7,0.163,2021,0
Sacramento Kings,25.6,28,44,113.6,117.2,100,0.248,0.376,0.578,0.549,12,21.3,0.185,0.557,12.1,75,0.199,2021,0
Detroit Pistons,24.5,26,46,108,112.5,97.9,0.273,0.385,0.556,0.519,13.5,21.9,0.207,0.541,12.6,76.9,0.195,2021,0
Minnesota Timberwolves,23.2,24,48,109.5,115,101.6,0.254,0.413,0.555,0.52,12.4,22.7,0.193,0.556,13.3,76.8,0.207,2021,0
Houston Rockets,26.5,20,52,107.1,114.9,101.4,0.252,0.459,0.553,0.521,13,19.8,0.187,0.555,12.9,77.1,0.201,2021,0
Cleveland Cavaliers,24,18,54,105.8,114.4,97.3,0.261,0.347,0.543,0.508,13.9,23.6,0.194,0.556,13,76.6,0.183,2021,0
Orlando Magic,25.6,17,55,105.1,114.5,98.7,0.24,0.356,0.527,0.49,11.5,21.6,0.186,0.547,11.5,78.2,0.169,2021,0
Oklahoma City Thunder,22.8,15,57,103.5,114,101,0.242,0.399,0.539,0.509,14.2,21.2,0.176,0.547,11.5,77.9,0.167,2021,0
